key,context,en,de,es,fr,it,pt-br,ja,ko,zh-hans,zh-hant
legal.eula.description,Meta description | EULA page,End User License Agreement for Sushi Ben.,Endbenutzer-Lizenzvereinbarung für Sushi Ben.,Acuerdo de licencia de usuario final de Sushi Ben.,Contrat de licence utilisateur final de Sushi Ben.,Contratto di licenza con l’utente finale di Sushi Ben.,Contrato de Licença de Usuário Final do Sushi Ben.,Sushi Benのエンドユーザー使用許諾契約です。,Sushi Ben 최종 사용자 사용권 계약입니다.,Sushi Ben 最终用户许可协议。,Sushi Ben 最終使用者授權合約。
legal.eula.title,Page title | EULA page,EULA,EULA,EULA,CLUF,EULA,EULA,EULA,EULA,EULA,EULA
legal.eula.body,Legal body | EULA page,"Sushi Ben End User License Agreement

Effective Date: August 2, 2026

This End User License Agreement (the ""EULA"") is a legal agreement between you and Big Brane Studios, Inc. (""Big Brane,"" ""we,"" ""us,"" or ""our"") governing your access to and use of Sushi Ben, including its software, content, documentation, updates, and related services (collectively, the ""Game"").

1. Acceptance and Eligibility

By purchasing, downloading, installing, accessing, or using the Game, or by affirmatively accepting this EULA where that option is presented, you agree to this EULA. If you do not agree, do not access or use the Game.

You must have reached the age of legal majority where you live or use the Game with the permission and supervision of a parent or legal guardian who agrees to this EULA on your behalf. You represent that you have the legal capacity and authority necessary to accept this EULA.

2. Store and Platform Terms

The Game may be distributed through third-party stores and platforms, including Steam, PlayStation, Meta Quest, HTC VIVEPORT, PICO, and STOVE (each, a ""Store""). Your purchase and use may also be governed by the applicable Store's terms.

If this EULA conflicts with mandatory Store terms, the Store terms control only to the extent of that conflict. Purchase, billing, and refund requests must be directed to the Store through which the Game was obtained and are subject to that Store's policies and applicable law.

3. License Grant

Subject to your compliance with this EULA and the applicable Store terms, Big Brane grants you a limited, personal, non-exclusive, non-transferable, non-sublicensable, and revocable license to download, install, access, and use the Game on devices and accounts permitted by the applicable Store, solely for personal, non-commercial entertainment.

You may capture and share screenshots, gameplay videos, and livestreams as permitted by our Fan Content Policy and applicable Store terms.

The Game is licensed, not sold. No ownership interest in the Game or its intellectual property is transferred to you. Big Brane and its licensors reserve all rights not expressly granted.

4. Restrictions

Except where this EULA, the Fan Content Policy, or mandatory law expressly permits it, you may not:

- copy, reproduce, distribute, sell, rent, lease, sublicense, transfer, or commercially exploit the Game;
- modify, adapt, translate, reverse engineer, decompile, disassemble, discover source code, or create derivative works from the Game;
- circumvent or interfere with access controls, security features, platform services, entitlement checks, or technical restrictions;
- use unauthorized cheats, automation, exploits, or modifications that interfere with the Game or a Store;
- remove or alter copyright, trademark, attribution, or proprietary notices;
- use the Game unlawfully, maliciously, or in a manner that infringes another person's rights; or
- falsely suggest that unofficial content, products, or services are approved by or affiliated with Big Brane.

Restrictions on reverse engineering apply only to the fullest extent permitted by mandatory law.

5. Ownership and Third-Party Materials

The Game, including its software, artwork, characters, music, dialogue, audiovisual content, trademarks, and other materials, is owned by Big Brane or its licensors and is protected by intellectual-property laws and treaties.

The Game may include third-party software or content governed by separate license notices supplied with the Game. Those separate terms control the applicable third-party materials where required.

6. Fan Content

Unofficial fan content based on the Game must comply with this EULA and the Fan Content Policy available at https://www.sushiben.com/en/fan-content. Permission granted under that policy may be modified or withdrawn as stated in the policy.

7. Privacy and Platform Features

Our processing of personal information is described in the Sushi Ben Privacy & Data Collection Policy available at https://www.sushiben.com/en/privacy.

Certain features, including achievements, purchases, cloud saves, entitlements, and platform accounts, may be operated by a Store. Availability and operation of those features are subject to the Store's systems, terms, and privacy practices. We do not guarantee that any platform feature will remain available, uninterrupted, or compatible with every version of the Game.

8. Health and Safety

Review all health and safety information supplied with your device and platform before using the Game. The following warnings are not exhaustive.

8.1 Photosensitive Seizures

Some people may experience seizures, loss of awareness, or other symptoms when exposed to flashing lights or visual patterns. Consult a physician before use if you or a family member has a history of epilepsy or seizures. Stop immediately and seek medical advice if you experience convulsions, eye or muscle twitching, loss of awareness, altered vision, involuntary movement, or disorientation.

8.2 Motion Sickness and Discomfort

Virtual-reality use may cause dizziness, nausea, disorientation, eyestrain, fatigue, or loss of balance. Take regular breaks. Stop using the Game and rest if you experience discomfort.

8.3 Play Area and Physical Safety

Use the Game only in a safe environment appropriate for your device. Clear obstacles, remain aware of walls, furniture, people, pets, cords, stairs, and other hazards, and use all platform safety features. Do not use the Game while driving, operating machinery, or in another situation requiring awareness of your surroundings.

9. Updates, Availability, and Support

We may patch, update, modify, suspend, or discontinue the Game or any feature for technical, security, legal, commercial, or operational reasons. An update may be required for continued access to some features. We are not obligated to maintain prior versions, provide updates, or provide support, except where required by applicable law or Store terms.

If we materially revise this EULA, we will post the updated version and revise the Effective Date. Where required by law, we will provide additional notice or request acceptance. Changes do not retroactively alter rights or obligations arising before the change unless you expressly agree or applicable law permits it.

10. Disclaimer of Warranties

To the fullest extent permitted by law, the Game is provided ""as is"" and ""as available,"" with all faults and without warranties of any kind, whether express, implied, statutory, or otherwise. Big Brane disclaims implied warranties of merchantability, fitness for a particular purpose, title, non-infringement, quiet enjoyment, and any warranties arising from course of dealing or usage of trade.

We do not warrant that the Game will be uninterrupted, secure, error-free, compatible with every device or platform configuration, or meet your expectations. Downloading, installing, and using software involves inherent risks, including data loss, system interruption, and incompatibility.

Nothing in this EULA excludes warranties or consumer rights that cannot lawfully be excluded.

11. Limitation of Liability

To the fullest extent permitted by law, Big Brane and its affiliates, officers, directors, employees, contractors, licensors, and service providers will not be liable for indirect, incidental, special, consequential, exemplary, or punitive damages, or for loss of profits, revenue, goodwill, data, use, or business opportunity, arising from or related to the Game or this EULA, even if advised that such damages were possible.

To the fullest extent permitted by law, the total aggregate liability of Big Brane and the other parties identified above for all claims arising from or related to the Game or this EULA will not exceed the greater of (a) the amount you actually paid for the Game during the twelve months preceding the event giving rise to the claim or (b) US $100.

The exclusions and limitations in this section do not apply to liability that cannot lawfully be excluded or limited, which may include liability for fraud, fraudulent misrepresentation, gross negligence, willful misconduct, or death or personal injury caused by negligence, depending on applicable law. Some jurisdictions do not permit certain exclusions or limitations, so portions of this section may not apply to you.

12. Indemnification

To the fullest extent permitted by law, you agree to defend, indemnify, and hold harmless Big Brane and its affiliates, officers, directors, employees, contractors, and licensors from third-party claims, liabilities, damages, judgments, losses, and reasonable costs arising from your unlawful use of the Game, material breach of this EULA, infringement of another person's rights, or unauthorized commercial exploitation of the Game. This obligation does not apply to claims caused by Big Brane's negligence, willful misconduct, or breach of this EULA.

13. Termination

This EULA remains effective until terminated. You may terminate it by permanently discontinuing use of the Game and deleting copies under your control.

We may suspend or terminate your license for a material breach of this EULA. Where a breach can reasonably be cured, we will provide notice and a reasonable opportunity to cure before termination unless immediate action is reasonably necessary to protect users, security, platform integrity, legal compliance, or Big Brane's rights.

Upon termination, you must stop using the Game and delete copies under your control. Sections that by their nature should survive will survive, including ownership, disclaimers, liability limitations, indemnification, governing law, and miscellaneous provisions.

14. Governing Law and Venue

This EULA is governed by the laws of the Commonwealth of Virginia, United States, without regard to conflict-of-laws principles. Any legal action arising from or relating to this EULA or the Game must be brought exclusively in the state courts located in Loudoun County, Virginia, or the United States District Court for the Eastern District of Virginia, Alexandria Division, and each party consents to those courts' personal jurisdiction and venue.

If you are a consumer, this section does not deprive you of mandatory protections or rights to bring a claim in another forum that cannot lawfully be waived under the laws where you live.

15. Miscellaneous

This EULA, the applicable Store terms, the Fan Content Policy where relevant, and any other terms expressly incorporated by reference constitute the entire agreement between you and Big Brane concerning the Game. The Privacy & Data Collection Policy is a notice describing our data practices and is not incorporated as a contractual term except where applicable law provides otherwise.

If a provision is found invalid or unenforceable, it will be enforced to the maximum lawful extent and the remaining provisions will remain effective. Failure to enforce a provision is not a waiver. A waiver must be in writing and applies only to the specific instance stated.

You may not assign or transfer this EULA or your license except where mandatory law permits. Big Brane may assign this EULA in connection with a merger, acquisition, reorganization, sale of assets, or by operation of law.

Headings are for convenience only. This EULA will not be construed against either party solely because that party drafted it.

Translations may be provided for convenience and may contain inaccuracies. The English version available at https://www.sushiben.com/en/eula is the controlling version to the extent permitted by applicable law.

16. Contact Us

Questions about this EULA may be sent to:

Big Brane Studios, Inc.
Email: legal@bigbranestudios.com
EULA: https://www.sushiben.com/en/eula","Sushi Ben Endbenutzer-Lizenzvereinbarung

Gültig ab: 2. August 2026

Diese Endbenutzer-Lizenzvereinbarung (die „EULA“) ist eine rechtsverbindliche Vereinbarung zwischen Ihnen und Big Brane Studios, Inc. („Big Brane“, „wir“, „uns“ oder „unser“) und regelt Ihren Zugriff auf Sushi Ben und dessen Nutzung, einschließlich Software, Inhalte, Dokumentation, Updates und zugehöriger Dienste (zusammen das „Spiel“).

1. Zustimmung und Berechtigung

Indem Sie das Spiel kaufen, herunterladen, installieren, darauf zugreifen oder es nutzen oder dieser EULA ausdrücklich zustimmen, sofern Ihnen diese Möglichkeit angeboten wird, erklären Sie sich mit dieser EULA einverstanden. Wenn Sie nicht einverstanden sind, dürfen Sie nicht auf das Spiel zugreifen oder es nutzen.

Sie müssen an Ihrem Wohnort die gesetzliche Volljährigkeit erreicht haben oder das Spiel mit Erlaubnis und unter Aufsicht eines Elternteils oder gesetzlichen Vertreters nutzen, der dieser EULA in Ihrem Namen zustimmt. Sie erklären, dass Sie über die erforderliche Geschäftsfähigkeit und Befugnis verfügen, diese EULA anzunehmen.

2. Bedingungen von Stores und Plattformen

Das Spiel kann über Stores und Plattformen Dritter vertrieben werden, darunter Steam, PlayStation, Meta Quest, HTC VIVEPORT, PICO und STOVE (jeweils ein „Store“). Für Ihren Kauf und Ihre Nutzung können zusätzlich die Bedingungen des jeweiligen Stores gelten.

Widerspricht diese EULA zwingenden Store-Bedingungen, haben die Store-Bedingungen nur im Umfang dieses Widerspruchs Vorrang. Anfragen zu Kauf, Abrechnung und Erstattung sind an den Store zu richten, über den das Spiel bezogen wurde, und unterliegen dessen Richtlinien sowie dem anwendbaren Recht.

3. Lizenzeinräumung

Unter der Voraussetzung, dass Sie diese EULA und die anwendbaren Store-Bedingungen einhalten, gewährt Big Brane Ihnen eine beschränkte, persönliche, nicht ausschließliche, nicht übertragbare, nicht unterlizenzierbare und widerrufliche Lizenz, das Spiel auf den vom jeweiligen Store zugelassenen Geräten und Konten ausschließlich zur persönlichen, nicht kommerziellen Unterhaltung herunterzuladen, zu installieren, aufzurufen und zu nutzen.

Sie dürfen Screenshots, Gameplay-Videos und Livestreams aufnehmen und teilen, soweit dies nach unserer Fan-Content-Richtlinie und den anwendbaren Store-Bedingungen zulässig ist.

Das Spiel wird lizenziert und nicht verkauft. Es werden Ihnen keine Eigentumsrechte am Spiel oder seinem geistigen Eigentum übertragen. Big Brane und seine Lizenzgeber behalten sich alle nicht ausdrücklich gewährten Rechte vor.

4. Beschränkungen

Soweit diese EULA, die Fan-Content-Richtlinie oder zwingendes Recht es nicht ausdrücklich gestatten, dürfen Sie nicht:

- das Spiel kopieren, vervielfältigen, verbreiten, verkaufen, vermieten, verleasen, unterlizenzieren, übertragen oder kommerziell verwerten;
- das Spiel ändern, anpassen, übersetzen, zurückentwickeln, dekompilieren, disassemblieren, seinen Quellcode ermitteln oder davon abgeleitete Werke erstellen;
- Zugangskontrollen, Sicherheitsfunktionen, Plattformdienste, Berechtigungsprüfungen oder technische Beschränkungen umgehen oder beeinträchtigen;
- nicht autorisierte Cheats, Automatisierungen, Exploits oder Änderungen verwenden, die das Spiel oder einen Store beeinträchtigen;
- Urheberrechts-, Marken-, Namensnennungs- oder Eigentumshinweise entfernen oder verändern;
- das Spiel rechtswidrig, böswillig oder in einer Weise nutzen, die Rechte Dritter verletzt; oder
- fälschlich den Eindruck erwecken, inoffizielle Inhalte, Produkte oder Dienste seien von Big Brane genehmigt oder mit Big Brane verbunden.

Beschränkungen der Rückentwicklung gelten nur im größtmöglichen nach zwingendem Recht zulässigen Umfang.

5. Eigentum und Materialien Dritter

Das Spiel einschließlich seiner Software, Grafiken, Figuren, Musik, Dialoge, audiovisuellen Inhalte, Marken und sonstigen Materialien ist Eigentum von Big Brane oder seinen Lizenzgebern und durch Gesetze und Verträge zum Schutz geistigen Eigentums geschützt.

Das Spiel kann Software oder Inhalte Dritter enthalten, für die gesonderte, mit dem Spiel bereitgestellte Lizenzhinweise gelten. Soweit erforderlich, haben diese gesonderten Bedingungen für die jeweiligen Materialien Dritter Vorrang.

6. Fan-Inhalte

Inoffizielle Fan-Inhalte auf Grundlage des Spiels müssen diese EULA und die unter https://www.sushiben.com/en/fan-content verfügbare Fan-Content-Richtlinie einhalten. Nach dieser Richtlinie erteilte Genehmigungen können wie dort beschrieben geändert oder widerrufen werden.

7. Datenschutz und Plattformfunktionen

Unsere Verarbeitung personenbezogener Daten wird in der Datenschutz- und Datenerhebungsrichtlinie für Sushi Ben unter https://www.sushiben.com/en/privacy beschrieben.

Bestimmte Funktionen, darunter Erfolge, Käufe, Cloud-Speicherstände, Berechtigungen und Plattformkonten, können von einem Store betrieben werden. Verfügbarkeit und Betrieb dieser Funktionen unterliegen den Systemen, Bedingungen und Datenschutzpraktiken des Stores. Wir garantieren nicht, dass eine Plattformfunktion dauerhaft verfügbar, unterbrechungsfrei oder mit jeder Version des Spiels kompatibel bleibt.

8. Gesundheit und Sicherheit

Lesen Sie vor der Nutzung des Spiels sämtliche Gesundheits- und Sicherheitshinweise zu Ihrem Gerät und Ihrer Plattform. Die folgenden Warnhinweise sind nicht abschließend.

8.1 Photosensitive Anfälle

Bei manchen Personen können blinkende Lichter oder visuelle Muster Anfälle, Bewusstseinsverlust oder andere Symptome auslösen. Fragen Sie vor der Nutzung einen Arzt, wenn bei Ihnen oder in Ihrer Familie Epilepsie oder Anfälle aufgetreten sind. Beenden Sie die Nutzung sofort und holen Sie ärztlichen Rat ein, wenn Krämpfe, Augen- oder Muskelzuckungen, Bewusstseinsverlust, Sehstörungen, unwillkürliche Bewegungen oder Desorientierung auftreten.

8.2 Bewegungskrankheit und Beschwerden

Die Nutzung virtueller Realität kann Schwindel, Übelkeit, Desorientierung, Augenbelastung, Müdigkeit oder Gleichgewichtsverlust verursachen. Legen Sie regelmäßig Pausen ein. Beenden Sie die Nutzung des Spiels und ruhen Sie sich aus, wenn Beschwerden auftreten.

8.3 Spielbereich und körperliche Sicherheit

Nutzen Sie das Spiel nur in einer sicheren, für Ihr Gerät geeigneten Umgebung. Entfernen Sie Hindernisse, achten Sie auf Wände, Möbel, Personen, Haustiere, Kabel, Treppen und andere Gefahren und verwenden Sie alle Sicherheitsfunktionen der Plattform. Nutzen Sie das Spiel nicht beim Fahren, beim Bedienen von Maschinen oder in anderen Situationen, die Aufmerksamkeit für Ihre Umgebung erfordern.

9. Updates, Verfügbarkeit und Support

Wir können das Spiel oder einzelne Funktionen aus technischen, sicherheitsbezogenen, rechtlichen, geschäftlichen oder betrieblichen Gründen patchen, aktualisieren, ändern, aussetzen oder einstellen. Für den weiteren Zugriff auf bestimmte Funktionen kann ein Update erforderlich sein. Soweit anwendbares Recht oder Store-Bedingungen nichts anderes verlangen, sind wir nicht verpflichtet, frühere Versionen zu warten, Updates bereitzustellen oder Support zu leisten.

Wenn wir diese EULA wesentlich ändern, veröffentlichen wir die aktualisierte Fassung und ändern das Gültigkeitsdatum. Soweit gesetzlich vorgeschrieben, informieren wir zusätzlich oder bitten um Zustimmung. Änderungen verändern Rechte oder Pflichten, die vor der Änderung entstanden sind, nicht rückwirkend, sofern Sie nicht ausdrücklich zustimmen oder das anwendbare Recht dies gestattet.

10. Gewährleistungsausschluss

Soweit gesetzlich zulässig, wird das Spiel „wie besehen“ und „wie verfügbar“, mit sämtlichen Mängeln und ohne ausdrückliche, stillschweigende, gesetzliche oder sonstige Gewährleistungen bereitgestellt. Big Brane schließt insbesondere stillschweigende Gewährleistungen der Marktgängigkeit, Eignung für einen bestimmten Zweck, Rechtsinhaberschaft, Nichtverletzung, ungestörten Nutzung sowie Gewährleistungen aus Geschäftsbeziehung oder Handelsbrauch aus.

Wir gewährleisten nicht, dass das Spiel unterbrechungsfrei, sicher, fehlerfrei, mit jeder Geräte- oder Plattformkonfiguration kompatibel ist oder Ihren Erwartungen entspricht. Das Herunterladen, Installieren und Nutzen von Software ist mit inhärenten Risiken verbunden, darunter Datenverlust, Systemunterbrechungen und Inkompatibilität.

Diese EULA schließt keine Gewährleistungen oder Verbraucherrechte aus, die rechtlich nicht ausgeschlossen werden können.

11. Haftungsbeschränkung

Soweit gesetzlich zulässig, haften Big Brane und seine verbundenen Unternehmen, leitenden Angestellten, Organmitglieder, Mitarbeiter, Auftragnehmer, Lizenzgeber und Dienstleister nicht für mittelbare, beiläufige, besondere, Folge-, exemplarische oder Strafschäden oder für entgangene Gewinne, Umsätze, Geschäftswerte, Daten, Nutzungsmöglichkeiten oder Geschäftschancen, die aus dem Spiel oder dieser EULA entstehen oder damit zusammenhängen, selbst wenn auf die Möglichkeit solcher Schäden hingewiesen wurde.

Soweit gesetzlich zulässig, übersteigt die gesamte Haftung von Big Brane und den oben genannten Parteien für sämtliche Ansprüche aus oder im Zusammenhang mit dem Spiel oder dieser EULA nicht den höheren der folgenden Beträge: (a) den Betrag, den Sie in den zwölf Monaten vor dem anspruchsbegründenden Ereignis tatsächlich für das Spiel gezahlt haben, oder (b) 100 US-Dollar.

Die Ausschlüsse und Beschränkungen dieses Abschnitts gelten nicht für Haftung, die rechtlich nicht ausgeschlossen oder beschränkt werden kann; dies kann je nach anwendbarem Recht Haftung wegen Betrugs, arglistiger Täuschung, grober Fahrlässigkeit, vorsätzlichen Fehlverhaltens oder wegen durch Fahrlässigkeit verursachten Todes oder Personenschadens umfassen. In manchen Rechtsordnungen sind bestimmte Ausschlüsse oder Beschränkungen unzulässig; Teile dieses Abschnitts gelten daher möglicherweise nicht für Sie.

12. Freistellung

Soweit gesetzlich zulässig, verpflichten Sie sich, Big Brane und seine verbundenen Unternehmen, leitenden Angestellten, Organmitglieder, Mitarbeiter, Auftragnehmer und Lizenzgeber gegen Ansprüche Dritter, Haftungen, Schäden, Urteile, Verluste und angemessene Kosten zu verteidigen, freizustellen und schadlos zu halten, die aus Ihrer rechtswidrigen Nutzung des Spiels, einem wesentlichen Verstoß gegen diese EULA, der Verletzung von Rechten Dritter oder einer nicht autorisierten kommerziellen Verwertung des Spiels entstehen. Diese Verpflichtung gilt nicht für Ansprüche, die durch Fahrlässigkeit, vorsätzliches Fehlverhalten oder einen Verstoß gegen diese EULA seitens Big Brane verursacht wurden.

13. Beendigung

Diese EULA gilt bis zu ihrer Beendigung. Sie können sie beenden, indem Sie die Nutzung des Spiels dauerhaft einstellen und die von Ihnen kontrollierten Kopien löschen.

Wir können Ihre Lizenz wegen eines wesentlichen Verstoßes gegen diese EULA aussetzen oder beenden. Soweit ein Verstoß vernünftigerweise behoben werden kann, werden wir Sie benachrichtigen und Ihnen vor der Beendigung eine angemessene Gelegenheit zur Behebung geben, es sei denn, sofortiges Handeln ist vernünftigerweise zum Schutz von Nutzern, Sicherheit, Plattformintegrität, Rechtskonformität oder Rechten von Big Brane erforderlich.

Nach Beendigung müssen Sie die Nutzung des Spiels einstellen und die von Ihnen kontrollierten Kopien löschen. Bestimmungen, die ihrer Natur nach fortgelten sollen, bleiben wirksam, insbesondere Bestimmungen zu Eigentum, Gewährleistungsausschlüssen, Haftungsbeschränkungen, Freistellung, anwendbarem Recht und Sonstigem.

14. Anwendbares Recht und Gerichtsstand

Diese EULA unterliegt dem Recht des Commonwealth of Virginia, Vereinigte Staaten, unter Ausschluss kollisionsrechtlicher Grundsätze. Sämtliche Rechtsstreitigkeiten aus oder im Zusammenhang mit dieser EULA oder dem Spiel sind ausschließlich vor den in Loudoun County, Virginia, gelegenen Gerichten des Commonwealth of Virginia oder vor dem United States District Court for the Eastern District of Virginia, Alexandria Division, zu führen; jede Partei stimmt der persönlichen Zuständigkeit und dem Gerichtsstand dieser Gerichte zu.

Wenn Sie Verbraucher sind, entzieht Ihnen dieser Abschnitt keine zwingenden Schutzrechte oder Rechte, eine Klage vor einem anderen Gericht zu erheben, die nach dem Recht Ihres Wohnorts nicht wirksam abbedungen werden können.

15. Sonstiges

Diese EULA, die anwendbaren Store-Bedingungen, gegebenenfalls die Fan-Content-Richtlinie und sonstige ausdrücklich einbezogene Bedingungen bilden die gesamte Vereinbarung zwischen Ihnen und Big Brane in Bezug auf das Spiel. Die Datenschutz- und Datenerhebungsrichtlinie ist ein Hinweis zu unseren Datenpraktiken und wird nur dann Vertragsbestandteil, wenn das anwendbare Recht dies vorsieht.

Wird eine Bestimmung für ungültig oder nicht durchsetzbar befunden, wird sie im größtmöglichen rechtlich zulässigen Umfang durchgesetzt; die übrigen Bestimmungen bleiben wirksam. Die Nichtdurchsetzung einer Bestimmung stellt keinen Verzicht dar. Ein Verzicht muss schriftlich erfolgen und gilt nur für den jeweils bezeichneten Fall.

Sie dürfen diese EULA oder Ihre Lizenz nur übertragen oder abtreten, soweit zwingendes Recht dies gestattet. Big Brane darf diese EULA im Zusammenhang mit einer Fusion, Übernahme, Umstrukturierung, Veräußerung von Vermögenswerten oder kraft Gesetzes abtreten.

Überschriften dienen nur der Übersicht. Diese EULA wird nicht allein deshalb zulasten einer Partei ausgelegt, weil diese Partei sie verfasst hat.

Übersetzungen können zur Erleichterung bereitgestellt werden und Ungenauigkeiten enthalten. Soweit gesetzlich zulässig, ist die englische Fassung unter https://www.sushiben.com/en/eula maßgeblich.

16. Kontakt

Fragen zu dieser EULA können gerichtet werden an:

Big Brane Studios, Inc.
E-Mail: legal@bigbranestudios.com
EULA: https://www.sushiben.com/en/eula","Acuerdo de licencia de usuario final de Sushi Ben

Fecha de entrada en vigor: 2 de agosto de 2026

Este Acuerdo de licencia de usuario final (el «EULA») es un acuerdo legal entre usted y Big Brane Studios, Inc. («Big Brane», «nosotros», «nos» o «nuestro») que regula su acceso y uso de Sushi Ben, incluido su software, contenido, documentación, actualizaciones y servicios relacionados (conjuntamente, el «Juego»).

1. Aceptación y requisitos

Al comprar, descargar, instalar, acceder o utilizar el Juego, o al aceptar expresamente este EULA cuando se le presente dicha opción, usted acepta quedar vinculado por este EULA. Si no está de acuerdo, no acceda al Juego ni lo utilice.

Debe haber alcanzado la mayoría de edad legal en el lugar donde reside, o utilizar el Juego con el permiso y bajo la supervisión de un progenitor o tutor legal que acepte este EULA en su nombre. Usted declara que posee la capacidad jurídica y la autoridad necesarias para aceptar este EULA.

2. Condiciones de tiendas y plataformas

El Juego puede distribuirse a través de tiendas y plataformas de terceros, entre ellas Steam, PlayStation, Meta Quest, HTC VIVEPORT, PICO y STOVE (cada una, una «Tienda»). Su compra y uso también pueden estar sujetos a las condiciones de la Tienda correspondiente.

Si este EULA entra en conflicto con condiciones obligatorias de una Tienda, las condiciones de la Tienda prevalecerán únicamente en la medida de dicho conflicto. Las consultas sobre compras, facturación y reembolsos deberán dirigirse a la Tienda a través de la cual se obtuvo el Juego y estarán sujetas a las políticas de dicha Tienda y a la legislación aplicable.

3. Concesión de licencia

Sujeto a su cumplimiento de este EULA y de las condiciones aplicables de la Tienda, Big Brane le concede una licencia limitada, personal, no exclusiva, intransferible, no sublicenciable y revocable para descargar, instalar, acceder y utilizar el Juego en los dispositivos y cuentas permitidos por la Tienda correspondiente, exclusivamente para entretenimiento personal y no comercial.

Puede capturar y compartir imágenes, vídeos de juego y transmisiones en directo según lo permitido por nuestra Política de contenido de fans y las condiciones aplicables de la Tienda.

El Juego se licencia, no se vende. No se le transfiere ningún derecho de propiedad sobre el Juego ni sobre su propiedad intelectual. Big Brane y sus licenciantes se reservan todos los derechos no concedidos expresamente.

4. Restricciones

Salvo cuando este EULA, la Política de contenido de fans o la legislación imperativa lo permitan expresamente, usted no podrá:

- copiar, reproducir, distribuir, vender, alquilar, arrendar, sublicenciar, transferir o explotar comercialmente el Juego;
- modificar, adaptar, traducir, realizar ingeniería inversa, descompilar, desensamblar, descubrir el código fuente o crear obras derivadas del Juego;
- eludir o interferir con controles de acceso, funciones de seguridad, servicios de plataforma, comprobaciones de derechos o restricciones técnicas;
- utilizar trucos, automatizaciones, vulnerabilidades o modificaciones no autorizados que interfieran con el Juego o una Tienda;
- eliminar o modificar avisos de derechos de autor, marcas comerciales, atribución o propiedad;
- utilizar el Juego de forma ilícita, maliciosa o que infrinja los derechos de otra persona; o
- sugerir falsamente que contenidos, productos o servicios no oficiales han sido aprobados por Big Brane o están afiliados a Big Brane.

Las restricciones relativas a la ingeniería inversa se aplican únicamente en la máxima medida permitida por la legislación imperativa.

5. Propiedad y materiales de terceros

El Juego, incluidos su software, ilustraciones, personajes, música, diálogos, contenido audiovisual, marcas comerciales y demás materiales, pertenece a Big Brane o a sus licenciantes y está protegido por leyes y tratados de propiedad intelectual.

El Juego puede incluir software o contenido de terceros sujeto a avisos de licencia independientes suministrados con el Juego. Cuando sea necesario, esas condiciones independientes regirán los materiales de terceros correspondientes.

6. Contenido de fans

El contenido no oficial de fans basado en el Juego debe cumplir este EULA y la Política de contenido de fans disponible en https://www.sushiben.com/en/fan-content. Los permisos concedidos en virtud de dicha política podrán modificarse o retirarse conforme a lo establecido en ella.

7. Privacidad y funciones de plataforma

Nuestro tratamiento de información personal se describe en la Política de privacidad y recopilación de datos de Sushi Ben, disponible en https://www.sushiben.com/en/privacy.

Determinadas funciones, incluidos logros, compras, partidas guardadas en la nube, derechos y cuentas de plataforma, pueden ser gestionadas por una Tienda. La disponibilidad y el funcionamiento de dichas funciones están sujetos a los sistemas, condiciones y prácticas de privacidad de la Tienda. No garantizamos que ninguna función de plataforma permanezca disponible, funcione sin interrupciones o sea compatible con todas las versiones del Juego.

8. Salud y seguridad

Antes de utilizar el Juego, revise toda la información de salud y seguridad suministrada con su dispositivo y plataforma. Las advertencias siguientes no son exhaustivas.

8.1 Convulsiones fotosensibles

Algunas personas pueden sufrir convulsiones, pérdida de conciencia u otros síntomas al exponerse a luces intermitentes o patrones visuales. Consulte a un médico antes de utilizar el Juego si usted o algún familiar tiene antecedentes de epilepsia o convulsiones. Interrumpa inmediatamente el uso y solicite atención médica si experimenta convulsiones, espasmos oculares o musculares, pérdida de conciencia, alteraciones de la visión, movimientos involuntarios o desorientación.

8.2 Mareo por movimiento y malestar

El uso de realidad virtual puede causar mareos, náuseas, desorientación, fatiga visual, cansancio o pérdida de equilibrio. Haga pausas periódicas. Deje de utilizar el Juego y descanse si experimenta molestias.

8.3 Zona de juego y seguridad física

Utilice el Juego únicamente en un entorno seguro y adecuado para su dispositivo. Retire obstáculos, preste atención a paredes, muebles, personas, mascotas, cables, escaleras y otros peligros, y utilice todas las funciones de seguridad de la plataforma. No utilice el Juego mientras conduce, maneja maquinaria o se encuentra en otra situación que requiera prestar atención a su entorno.

9. Actualizaciones, disponibilidad y soporte

Podemos aplicar parches, actualizar, modificar, suspender o interrumpir el Juego o cualquier función por motivos técnicos, de seguridad, legales, comerciales u operativos. Puede ser necesaria una actualización para seguir accediendo a determinadas funciones. No estamos obligados a mantener versiones anteriores, proporcionar actualizaciones ni prestar soporte, salvo cuando lo exijan la legislación aplicable o las condiciones de una Tienda.

Si modificamos sustancialmente este EULA, publicaremos la versión actualizada y cambiaremos la Fecha de entrada en vigor. Cuando lo exija la ley, proporcionaremos un aviso adicional o solicitaremos su aceptación. Los cambios no alterarán retroactivamente derechos u obligaciones surgidos antes de la modificación, salvo que usted lo acepte expresamente o que la legislación aplicable lo permita.

10. Exclusión de garantías

En la máxima medida permitida por la ley, el Juego se proporciona «tal cual» y «según disponibilidad», con todos sus defectos y sin garantías de ningún tipo, ya sean expresas, implícitas, legales o de otro tipo. Big Brane excluye las garantías implícitas de comerciabilidad, idoneidad para un fin determinado, titularidad, ausencia de infracción, disfrute pacífico y cualesquiera garantías derivadas de relaciones comerciales previas o usos mercantiles.

No garantizamos que el Juego funcione sin interrupciones, sea seguro, esté libre de errores, sea compatible con todas las configuraciones de dispositivos o plataformas, ni que cumpla sus expectativas. La descarga, instalación y utilización de software conllevan riesgos inherentes, incluidos pérdida de datos, interrupciones del sistema e incompatibilidad.

Nada de lo dispuesto en este EULA excluye garantías o derechos del consumidor que legalmente no puedan excluirse.

11. Limitación de responsabilidad

En la máxima medida permitida por la ley, Big Brane y sus entidades afiliadas, directivos, administradores, empleados, contratistas, licenciantes y proveedores de servicios no serán responsables de daños indirectos, incidentales, especiales, consecuentes, ejemplares o punitivos, ni de pérdidas de beneficios, ingresos, fondo de comercio, datos, uso u oportunidades comerciales, derivados o relacionados con el Juego o este EULA, aunque se les hubiera advertido de la posibilidad de dichos daños.

En la máxima medida permitida por la ley, la responsabilidad total acumulada de Big Brane y de las demás partes indicadas anteriormente por todas las reclamaciones derivadas o relacionadas con el Juego o este EULA no excederá el mayor de los siguientes importes: (a) la cantidad que usted haya pagado efectivamente por el Juego durante los doce meses anteriores al hecho que dio lugar a la reclamación; o (b) 100 dólares estadounidenses.

Las exclusiones y limitaciones de esta sección no se aplican a responsabilidades que legalmente no puedan excluirse o limitarse, lo que, dependiendo de la legislación aplicable, puede incluir responsabilidad por fraude, declaración fraudulenta, negligencia grave, conducta dolosa, fallecimiento o lesiones personales causados por negligencia. Algunas jurisdicciones no permiten determinadas exclusiones o limitaciones, por lo que algunas partes de esta sección podrían no aplicarse a usted.

12. Indemnización

En la máxima medida permitida por la ley, usted acepta defender, indemnizar y eximir de responsabilidad a Big Brane y a sus entidades afiliadas, directivos, administradores, empleados, contratistas y licenciantes frente a reclamaciones de terceros, responsabilidades, daños, sentencias, pérdidas y costes razonables derivados de su uso ilícito del Juego, un incumplimiento sustancial de este EULA, la vulneración de derechos de otra persona o la explotación comercial no autorizada del Juego. Esta obligación no se aplica a reclamaciones causadas por negligencia, conducta dolosa o incumplimiento de este EULA por parte de Big Brane.

13. Terminación

Este EULA permanecerá vigente hasta su terminación. Usted puede terminarlo dejando de utilizar permanentemente el Juego y eliminando las copias bajo su control.

Podemos suspender o terminar su licencia por un incumplimiento sustancial de este EULA. Cuando un incumplimiento pueda subsanarse razonablemente, le notificaremos y ofreceremos una oportunidad razonable para subsanarlo antes de la terminación, salvo que sea razonablemente necesaria una actuación inmediata para proteger a los usuarios, la seguridad, la integridad de la plataforma, el cumplimiento legal o los derechos de Big Brane.

Tras la terminación, deberá dejar de utilizar el Juego y eliminar las copias bajo su control. Las disposiciones que por su naturaleza deban continuar vigentes sobrevivirán, incluidas las relativas a propiedad, exclusiones de garantías, limitaciones de responsabilidad, indemnización, legislación aplicable y disposiciones generales.

14. Legislación aplicable y jurisdicción

Este EULA se rige por las leyes de la Mancomunidad de Virginia, Estados Unidos, sin tener en cuenta sus principios sobre conflicto de leyes. Cualquier acción legal derivada o relacionada con este EULA o el Juego deberá interponerse exclusivamente ante los tribunales estatales situados en el condado de Loudoun, Virginia, o ante el Tribunal de Distrito de los Estados Unidos para el Distrito Este de Virginia, División de Alexandria, y cada parte acepta la jurisdicción personal y territorial de dichos tribunales.

Si usted es consumidor, esta sección no le priva de protecciones obligatorias ni de derechos a presentar una reclamación en otro foro que, conforme a las leyes de su lugar de residencia, no puedan renunciarse legalmente.

15. Disposiciones generales

Este EULA, las condiciones aplicables de la Tienda, la Política de contenido de fans cuando corresponda y cualquier otra condición incorporada expresamente por referencia constituyen el acuerdo íntegro entre usted y Big Brane respecto del Juego. La Política de privacidad y recopilación de datos es un aviso que describe nuestras prácticas de datos y no se incorpora como condición contractual salvo cuando la legislación aplicable disponga lo contrario.

Si alguna disposición se considera inválida o inaplicable, se aplicará en la máxima medida legalmente posible y las disposiciones restantes continuarán vigentes. La falta de aplicación de una disposición no constituye una renuncia. Toda renuncia deberá constar por escrito y se aplicará únicamente al caso específico indicado.

Usted no podrá ceder ni transferir este EULA ni su licencia, salvo cuando lo permita la legislación imperativa. Big Brane podrá ceder este EULA en relación con una fusión, adquisición, reorganización, venta de activos o por ministerio de la ley.

Los encabezados se incluyen únicamente por comodidad. Este EULA no se interpretará en contra de ninguna parte únicamente porque dicha parte lo haya redactado.

Las traducciones pueden proporcionarse por comodidad y contener inexactitudes. La versión inglesa disponible en https://www.sushiben.com/en/eula será la versión prevalente en la medida permitida por la legislación aplicable.

16. Contacto

Las preguntas sobre este EULA pueden enviarse a:

Big Brane Studios, Inc.
Correo electrónico: legal@bigbranestudios.com
EULA: https://www.sushiben.com/en/eula","Contrat de licence utilisateur final de Sushi Ben

Date d’entrée en vigueur : 2 août 2026

Le présent Contrat de licence utilisateur final (le « CLUF ») est un accord juridique conclu entre vous et Big Brane Studios, Inc. (« Big Brane », « nous », « notre » ou « nos ») qui régit votre accès à Sushi Ben et votre utilisation de celui-ci, y compris ses logiciels, contenus, documents, mises à jour et services connexes (collectivement, le « Jeu »).

1. Acceptation et admissibilité

En achetant, téléchargeant, installant, accédant au Jeu ou l’utilisant, ou en acceptant expressément le présent CLUF lorsque cette option vous est proposée, vous acceptez le présent CLUF. Si vous ne l’acceptez pas, n’accédez pas au Jeu et ne l’utilisez pas.

Vous devez avoir atteint l’âge de la majorité légale dans votre lieu de résidence, ou utiliser le Jeu avec l’autorisation et sous la supervision d’un parent ou représentant légal qui accepte le présent CLUF en votre nom. Vous déclarez disposer de la capacité juridique et de l’autorité nécessaires pour accepter le présent CLUF.

2. Conditions des boutiques et plateformes

Le Jeu peut être distribué par l’intermédiaire de boutiques et plateformes tierces, notamment Steam, PlayStation, Meta Quest, HTC VIVEPORT, PICO et STOVE (chacune, une « Boutique »). Votre achat et votre utilisation peuvent également être régis par les conditions de la Boutique concernée.

En cas de conflit entre le présent CLUF et les conditions impératives d’une Boutique, les conditions de la Boutique prévalent uniquement dans la mesure de ce conflit. Les demandes relatives aux achats, à la facturation et aux remboursements doivent être adressées à la Boutique auprès de laquelle le Jeu a été obtenu et sont soumises aux politiques de cette Boutique et au droit applicable.

3. Octroi de licence

Sous réserve de votre respect du présent CLUF et des conditions de la Boutique concernée, Big Brane vous accorde une licence limitée, personnelle, non exclusive, incessible, ne pouvant faire l’objet d’une sous-licence et révocable, vous permettant de télécharger, installer, accéder au Jeu et l’utiliser sur les appareils et comptes autorisés par la Boutique concernée, uniquement à des fins personnelles et non commerciales de divertissement.

Vous pouvez capturer et partager des captures d’écran, des vidéos de jeu et des diffusions en direct dans la mesure autorisée par notre Politique relative au contenu créé par les fans et par les conditions de la Boutique concernée.

Le Jeu vous est concédé sous licence et non vendu. Aucun droit de propriété sur le Jeu ou sa propriété intellectuelle ne vous est transféré. Big Brane et ses concédants se réservent tous les droits qui ne vous sont pas expressément accordés.

4. Restrictions

Sauf autorisation expresse du présent CLUF, de la Politique relative au contenu créé par les fans ou du droit impératif, vous ne pouvez pas :

- copier, reproduire, distribuer, vendre, louer, donner en location, concéder en sous-licence, transférer ou exploiter commercialement le Jeu ;
- modifier, adapter ou traduire le Jeu, procéder à son ingénierie inverse, le décompiler, le désassembler, en découvrir le code source ou créer des œuvres dérivées du Jeu ;
- contourner ou perturber les contrôles d’accès, les fonctionnalités de sécurité, les services de plateforme, les vérifications des droits d’utilisation ou les restrictions techniques ;
- utiliser des logiciels de triche, des automatisations, des failles ou des modifications non autorisés qui perturbent le Jeu ou une Boutique ;
- supprimer ou modifier les mentions de droit d’auteur, de marque, d’attribution ou de propriété ;
- utiliser le Jeu de manière illégale ou malveillante, ou d’une manière qui porte atteinte aux droits d’autrui ; ou
- laisser entendre à tort que du contenu, des produits ou des services non officiels sont approuvés par Big Brane ou affiliés à celle-ci.

Les restrictions relatives à l’ingénierie inverse s’appliquent uniquement dans toute la mesure permise par le droit impératif.

5. Propriété et éléments tiers

Le Jeu, y compris ses logiciels, illustrations, personnages, musiques, dialogues, contenus audiovisuels, marques et autres éléments, appartient à Big Brane ou à ses concédants et est protégé par les lois et traités relatifs à la propriété intellectuelle.

Le Jeu peut inclure des logiciels ou contenus tiers régis par des avis de licence distincts fournis avec le Jeu. Lorsque cela est requis, ces conditions distinctes régissent les éléments tiers concernés.

6. Contenu créé par les fans

Tout contenu non officiel créé par des fans à partir du Jeu doit respecter le présent CLUF et la Politique relative au contenu créé par les fans, disponible à l’adresse https://www.sushiben.com/en/fan-content. L’autorisation accordée au titre de cette politique peut être modifiée ou retirée conformément à celle-ci.

7. Confidentialité et fonctionnalités des plateformes

Notre traitement des informations personnelles est décrit dans la Politique de confidentialité et de collecte des données de Sushi Ben, disponible à l’adresse https://www.sushiben.com/en/privacy.

Certaines fonctionnalités, notamment les succès, les achats, les sauvegardes dans le cloud, les droits d’utilisation et les comptes de plateforme, peuvent être exploitées par une Boutique. La disponibilité et le fonctionnement de ces fonctionnalités dépendent des systèmes, conditions et pratiques de confidentialité de la Boutique. Nous ne garantissons pas qu’une fonctionnalité de plateforme restera disponible, fonctionnera sans interruption ou sera compatible avec chaque version du Jeu.

8. Santé et sécurité

Avant d’utiliser le Jeu, prenez connaissance de toutes les informations relatives à la santé et à la sécurité fournies avec votre appareil et votre plateforme. Les avertissements ci-dessous ne sont pas exhaustifs.

8.1 Crises de photosensibilité

Certaines personnes peuvent subir des crises, une perte de conscience ou d’autres symptômes lorsqu’elles sont exposées à des lumières clignotantes ou à des motifs visuels. Consultez un médecin avant toute utilisation si vous-même ou un membre de votre famille avez des antécédents d’épilepsie ou de crises. Cessez immédiatement l’utilisation et consultez un médecin si vous présentez des convulsions, des contractions oculaires ou musculaires, une perte de conscience, une altération de la vision, des mouvements involontaires ou une désorientation.

8.2 Mal des transports et inconfort

L’utilisation de la réalité virtuelle peut provoquer des vertiges, des nausées, une désorientation, une fatigue oculaire, de la fatigue ou une perte d’équilibre. Faites régulièrement des pauses. Cessez d’utiliser le Jeu et reposez-vous si vous ressentez un inconfort.

8.3 Espace de jeu et sécurité physique

Utilisez le Jeu uniquement dans un environnement sûr et adapté à votre appareil. Dégagez les obstacles, restez conscient de la présence de murs, meubles, personnes, animaux domestiques, câbles, escaliers et autres dangers, et utilisez toutes les fonctionnalités de sécurité de la plateforme. N’utilisez pas le Jeu en conduisant, en manipulant des machines ou dans toute autre situation nécessitant de rester attentif à votre environnement.

9. Mises à jour, disponibilité et assistance

Nous pouvons corriger, mettre à jour, modifier, suspendre ou interrompre le Jeu ou toute fonctionnalité pour des raisons techniques, de sécurité, juridiques, commerciales ou opérationnelles. Une mise à jour peut être nécessaire pour continuer à accéder à certaines fonctionnalités. Nous ne sommes pas tenus de maintenir les versions antérieures, de fournir des mises à jour ou d’assurer une assistance, sauf si le droit applicable ou les conditions d’une Boutique l’exigent.

Si nous apportons une modification substantielle au présent CLUF, nous publierons la version mise à jour et modifierons la Date d’entrée en vigueur. Lorsque la loi l’exige, nous vous en informerons par un moyen supplémentaire ou solliciterons votre acceptation. Les modifications n’altèrent pas rétroactivement les droits ou obligations nés avant leur entrée en vigueur, sauf si vous y consentez expressément ou si le droit applicable le permet.

10. Exclusion de garanties

Dans toute la mesure permise par la loi, le Jeu est fourni « en l’état » et « selon disponibilité », avec tous ses défauts et sans garantie d’aucune sorte, qu’elle soit expresse, implicite, légale ou autre. Big Brane exclut les garanties implicites de qualité marchande, d’adéquation à un usage particulier, de propriété, d’absence de contrefaçon et de jouissance paisible, ainsi que toute garantie découlant des relations antérieures ou des usages commerciaux.

Nous ne garantissons pas que le Jeu fonctionnera sans interruption, sera sécurisé, dépourvu d’erreurs, compatible avec chaque configuration d’appareil ou de plateforme, ou répondra à vos attentes. Le téléchargement, l’installation et l’utilisation de logiciels comportent des risques inhérents, notamment la perte de données, l’interruption du système et l’incompatibilité.

Aucune disposition du présent CLUF n’exclut les garanties ou droits des consommateurs qui ne peuvent légalement être exclus.

11. Limitation de responsabilité

Dans toute la mesure permise par la loi, Big Brane et ses sociétés affiliées, dirigeants, administrateurs, employés, prestataires, concédants et fournisseurs de services ne pourront être tenus responsables des dommages indirects, accessoires, spéciaux, consécutifs, exemplaires ou punitifs, ni des pertes de bénéfices, de revenus, de clientèle, de données, d’utilisation ou d’opportunités commerciales résultant du Jeu ou du présent CLUF ou s’y rapportant, même s’ils ont été informés de la possibilité de tels dommages.

Dans toute la mesure permise par la loi, la responsabilité totale cumulée de Big Brane et des autres parties mentionnées ci-dessus au titre de l’ensemble des réclamations résultant du Jeu ou du présent CLUF ou s’y rapportant ne dépassera pas le montant le plus élevé entre (a) la somme que vous avez effectivement payée pour le Jeu au cours des douze mois précédant l’événement à l’origine de la réclamation et (b) 100 dollars américains.

Les exclusions et limitations prévues par la présente section ne s’appliquent pas aux responsabilités qui ne peuvent légalement être exclues ou limitées, ce qui peut notamment inclure, selon le droit applicable, la responsabilité en cas de fraude, de déclaration frauduleuse, de faute lourde, de faute intentionnelle, ou de décès ou dommage corporel causé par négligence. Certaines juridictions n’autorisent pas certaines exclusions ou limitations ; certaines parties de la présente section peuvent donc ne pas s’appliquer à vous.

12. Indemnisation

Dans toute la mesure permise par la loi, vous acceptez de défendre, d’indemniser et de dégager de toute responsabilité Big Brane et ses sociétés affiliées, dirigeants, administrateurs, employés, prestataires et concédants à l’égard des réclamations de tiers, responsabilités, dommages, jugements, pertes et frais raisonnables résultant de votre utilisation illégale du Jeu, d’une violation substantielle du présent CLUF, d’une atteinte aux droits d’autrui ou d’une exploitation commerciale non autorisée du Jeu. Cette obligation ne s’applique pas aux réclamations causées par la négligence, la faute intentionnelle ou la violation du présent CLUF par Big Brane.

13. Résiliation

Le présent CLUF demeure en vigueur jusqu’à sa résiliation. Vous pouvez le résilier en cessant définitivement d’utiliser le Jeu et en supprimant les copies sous votre contrôle.

Nous pouvons suspendre ou résilier votre licence en cas de violation substantielle du présent CLUF. Lorsqu’une violation peut raisonnablement être corrigée, nous vous en informerons et vous accorderons un délai raisonnable pour y remédier avant la résiliation, sauf si une intervention immédiate est raisonnablement nécessaire pour protéger les utilisateurs, la sécurité, l’intégrité de la plateforme, le respect de la loi ou les droits de Big Brane.

À la résiliation, vous devez cesser d’utiliser le Jeu et supprimer les copies sous votre contrôle. Les sections qui, par leur nature, doivent survivre à la résiliation resteront en vigueur, notamment celles relatives à la propriété, aux exclusions de garantie, aux limitations de responsabilité, à l’indemnisation, au droit applicable et aux dispositions diverses.

14. Droit applicable et juridiction compétente

Le présent CLUF est régi par les lois du Commonwealth de Virginie, aux États-Unis, sans égard aux principes relatifs aux conflits de lois. Toute action en justice résultant du présent CLUF ou du Jeu ou s’y rapportant doit être engagée exclusivement devant les tribunaux d’État situés dans le comté de Loudoun, en Virginie, ou devant le tribunal fédéral des États-Unis pour le district oriental de Virginie, division d’Alexandria, et chaque partie accepte la compétence personnelle et territoriale de ces tribunaux.

Si vous êtes un consommateur, la présente section ne vous prive pas des protections impératives ni du droit d’introduire une action devant une autre juridiction qui ne peuvent légalement faire l’objet d’une renonciation en vertu des lois de votre lieu de résidence.

15. Dispositions diverses

Le présent CLUF, les conditions de la Boutique concernée, la Politique relative au contenu créé par les fans lorsqu’elle est pertinente, ainsi que toutes autres conditions expressément incorporées par référence, constituent l’intégralité de l’accord entre vous et Big Brane concernant le Jeu. La Politique de confidentialité et de collecte des données est un avis décrivant nos pratiques en matière de données et n’est pas incorporée en tant que condition contractuelle, sauf disposition contraire du droit applicable.

Si une disposition est jugée invalide ou inapplicable, elle sera appliquée dans toute la mesure permise par la loi et les autres dispositions resteront en vigueur. Le fait de ne pas faire appliquer une disposition ne constitue pas une renonciation. Toute renonciation doit être formulée par écrit et ne s’applique qu’au cas précis qui y est indiqué.

Vous ne pouvez ni céder ni transférer le présent CLUF ou votre licence, sauf dans la mesure permise par le droit impératif. Big Brane peut céder le présent CLUF dans le cadre d’une fusion, d’une acquisition, d’une réorganisation, d’une cession d’actifs ou de plein droit.

Les titres sont fournis uniquement pour faciliter la lecture. Le présent CLUF ne sera pas interprété au détriment de l’une ou l’autre partie au seul motif que cette partie l’a rédigé.

Des traductions peuvent être fournies à titre indicatif et comporter des inexactitudes. La version anglaise disponible à l’adresse https://www.sushiben.com/en/eula prévaut dans toute la mesure permise par le droit applicable.

16. Nous contacter

Les questions relatives au présent CLUF peuvent être envoyées à :

Big Brane Studios, Inc.
E-mail : legal@bigbranestudios.com
CLUF : https://www.sushiben.com/en/eula","Contratto di licenza con l’utente finale di Sushi Ben

Data di entrata in vigore: 2 agosto 2026

Il presente Contratto di licenza con l’utente finale (l’«EULA») è un accordo legale tra l’utente e Big Brane Studios, Inc. («Big Brane», «noi», «ci» o «nostro») che disciplina l’accesso e l’utilizzo di Sushi Ben, inclusi software, contenuti, documentazione, aggiornamenti e servizi correlati (collettivamente, il «Gioco»).

1. Accettazione e idoneità

Acquistando, scaricando, installando, accedendo o utilizzando il Gioco, oppure accettando espressamente la presente EULA laddove tale opzione venga proposta, l’utente accetta la presente EULA. Se non accetta, non deve accedere al Gioco né utilizzarlo.

L’utente deve aver raggiunto la maggiore età nel luogo in cui vive, oppure utilizzare il Gioco con il permesso e sotto la supervisione di un genitore o tutore legale che accetti la presente EULA per suo conto. L’utente dichiara di possedere la capacità giuridica e l’autorità necessarie per accettare la presente EULA.

2. Condizioni dei negozi e delle piattaforme

Il Gioco può essere distribuito tramite negozi e piattaforme di terzi, tra cui Steam, PlayStation, Meta Quest, HTC VIVEPORT, PICO e STOVE (ciascuno, un «Negozio»). L’acquisto e l’utilizzo possono essere disciplinati anche dalle condizioni del Negozio applicabile.

In caso di conflitto tra la presente EULA e le condizioni inderogabili del Negozio, le condizioni del Negozio prevalgono esclusivamente nella misura di tale conflitto. Le richieste relative ad acquisti, fatturazione e rimborsi devono essere rivolte al Negozio tramite il quale è stato ottenuto il Gioco e sono soggette alle politiche di tale Negozio e alla legge applicabile.

3. Concessione della licenza

Subordinatamente al rispetto della presente EULA e delle condizioni del Negozio applicabile, Big Brane concede all’utente una licenza limitata, personale, non esclusiva, non trasferibile, non sublicenziabile e revocabile per scaricare, installare, accedere e utilizzare il Gioco sui dispositivi e sugli account consentiti dal Negozio applicabile, esclusivamente per intrattenimento personale e non commerciale.

L’utente può acquisire e condividere schermate, video di gioco e dirette streaming nei limiti consentiti dalla nostra Politica sui contenuti dei fan e dalle condizioni del Negozio applicabile.

Il Gioco è concesso in licenza e non venduto. All’utente non viene trasferito alcun diritto di proprietà sul Gioco o sulla relativa proprietà intellettuale. Big Brane e i suoi licenzianti si riservano tutti i diritti non espressamente concessi.

4. Restrizioni

Salvo quanto espressamente consentito dalla presente EULA, dalla Politica sui contenuti dei fan o da norme inderogabili, l’utente non può:

- copiare, riprodurre, distribuire, vendere, noleggiare, concedere in locazione, sublicenziare, trasferire o sfruttare commercialmente il Gioco;
- modificare, adattare, tradurre, sottoporre a ingegneria inversa, decompilare, disassemblare, scoprire il codice sorgente o creare opere derivate dal Gioco;
- eludere o interferire con controlli di accesso, funzionalità di sicurezza, servizi di piattaforma, verifiche dei diritti di utilizzo o restrizioni tecniche;
- utilizzare trucchi, automazioni, exploit o modifiche non autorizzati che interferiscano con il Gioco o con un Negozio;
- rimuovere o modificare avvisi di copyright, marchi, attribuzioni o avvisi di proprietà;
- utilizzare il Gioco in modo illecito o doloso, oppure in modo da violare i diritti altrui; o
- suggerire falsamente che contenuti, prodotti o servizi non ufficiali siano approvati da Big Brane o affiliati a essa.

Le restrizioni relative all’ingegneria inversa si applicano esclusivamente nella misura massima consentita dalle norme inderogabili.

5. Proprietà e materiali di terzi

Il Gioco, inclusi software, grafica, personaggi, musica, dialoghi, contenuti audiovisivi, marchi e altri materiali, è di proprietà di Big Brane o dei suoi licenzianti ed è protetto dalle leggi e dai trattati in materia di proprietà intellettuale.

Il Gioco può includere software o contenuti di terzi disciplinati da avvisi di licenza separati forniti con il Gioco. Laddove richiesto, tali condizioni separate prevalgono per i materiali di terzi applicabili.

6. Contenuti dei fan

I contenuti non ufficiali dei fan basati sul Gioco devono rispettare la presente EULA e la Politica sui contenuti dei fan disponibile all’indirizzo https://www.sushiben.com/en/fan-content. L’autorizzazione concessa ai sensi di tale politica può essere modificata o revocata come previsto dalla politica stessa.

7. Privacy e funzionalità delle piattaforme

Il nostro trattamento delle informazioni personali è descritto nella Politica sulla privacy e sulla raccolta dei dati di Sushi Ben, disponibile all’indirizzo https://www.sushiben.com/en/privacy.

Alcune funzionalità, tra cui obiettivi, acquisti, salvataggi nel cloud, diritti di utilizzo e account di piattaforma, possono essere gestite da un Negozio. La disponibilità e il funzionamento di tali funzionalità sono soggetti ai sistemi, alle condizioni e alle prassi in materia di privacy del Negozio. Non garantiamo che alcuna funzionalità della piattaforma rimanga disponibile, priva di interruzioni o compatibile con ogni versione del Gioco.

8. Salute e sicurezza

Prima di utilizzare il Gioco, consultare tutte le informazioni in materia di salute e sicurezza fornite con il dispositivo e la piattaforma. Le seguenti avvertenze non sono esaustive.

8.1 Crisi fotosensibili

Alcune persone possono manifestare crisi epilettiche, perdita di coscienza o altri sintomi se esposte a luci lampeggianti o sequenze visive. Consultare un medico prima dell’uso se l’utente o un suo familiare ha precedenti di epilessia o crisi epilettiche. Interrompere immediatamente l’uso e rivolgersi a un medico in caso di convulsioni, contrazioni oculari o muscolari, perdita di coscienza, alterazioni della vista, movimenti involontari o disorientamento.

8.2 Chinetosi e disagio

L’uso della realtà virtuale può causare vertigini, nausea, disorientamento, affaticamento degli occhi, stanchezza o perdita di equilibrio. Fare pause regolari. In caso di disagio, interrompere l’utilizzo del Gioco e riposare.

8.3 Area di gioco e sicurezza fisica

Utilizzare il Gioco esclusivamente in un ambiente sicuro e adatto al dispositivo. Rimuovere gli ostacoli, prestare attenzione a pareti, mobili, persone, animali domestici, cavi, scale e altri pericoli e utilizzare tutte le funzionalità di sicurezza della piattaforma. Non utilizzare il Gioco durante la guida, l’uso di macchinari o in altre situazioni che richiedano attenzione all’ambiente circostante.

9. Aggiornamenti, disponibilità e assistenza

Possiamo correggere, aggiornare, modificare, sospendere o interrompere il Gioco o qualsiasi funzionalità per motivi tecnici, di sicurezza, legali, commerciali od operativi. Per continuare ad accedere ad alcune funzionalità potrebbe essere necessario un aggiornamento. Non abbiamo l’obbligo di mantenere versioni precedenti, fornire aggiornamenti o prestare assistenza, salvo quanto richiesto dalla legge applicabile o dalle condizioni del Negozio.

Qualora modifichiamo sostanzialmente la presente EULA, pubblicheremo la versione aggiornata e modificheremo la Data di entrata in vigore. Laddove richiesto dalla legge, forniremo un ulteriore avviso o richiederemo l’accettazione. Le modifiche non alterano retroattivamente i diritti o gli obblighi sorti prima della modifica, salvo consenso espresso dell’utente o qualora la legge applicabile lo consenta.

10. Esclusione di garanzie

Nella misura massima consentita dalla legge, il Gioco è fornito «così com’è» e «come disponibile», con tutti i difetti e senza garanzie di alcun tipo, espresse, implicite, previste dalla legge o di altra natura. Big Brane esclude le garanzie implicite di commerciabilità, idoneità a uno scopo particolare, titolarità, non violazione, pacifico godimento e qualsiasi garanzia derivante da precedenti rapporti tra le parti o usi commerciali.

Non garantiamo che il Gioco funzioni senza interruzioni, sia sicuro, privo di errori, compatibile con ogni configurazione di dispositivo o piattaforma o soddisfi le aspettative dell’utente. Lo scaricamento, l’installazione e l’utilizzo di software comportano rischi intrinseci, tra cui perdita di dati, interruzione del sistema e incompatibilità.

Nessuna disposizione della presente EULA esclude garanzie o diritti dei consumatori che non possono essere legalmente esclusi.

11. Limitazione di responsabilità

Nella misura massima consentita dalla legge, Big Brane e le sue affiliate, i suoi dirigenti, amministratori, dipendenti, appaltatori, licenzianti e fornitori di servizi non saranno responsabili per danni indiretti, incidentali, speciali, consequenziali, esemplari o punitivi, né per perdita di profitti, ricavi, avviamento, dati, utilizzo o opportunità commerciali, derivanti da o correlati al Gioco o alla presente EULA, anche qualora siano stati informati della possibilità di tali danni.

Nella misura massima consentita dalla legge, la responsabilità complessiva aggregata di Big Brane e delle altre parti sopra indicate per tutte le pretese derivanti da o correlate al Gioco o alla presente EULA non supererà il maggiore tra (a) l’importo effettivamente pagato dall’utente per il Gioco nei dodici mesi precedenti l’evento che ha dato origine alla pretesa e (b) 100 dollari statunitensi.

Le esclusioni e le limitazioni della presente sezione non si applicano alle responsabilità che non possono essere legalmente escluse o limitate, tra cui, a seconda della legge applicabile, la responsabilità per frode, dichiarazioni fraudolente, colpa grave, dolo oppure morte o lesioni personali causate da negligenza. Alcuni ordinamenti non consentono determinate esclusioni o limitazioni; pertanto, alcune parti della presente sezione potrebbero non applicarsi all’utente.

12. Manleva

Nella misura massima consentita dalla legge, l’utente accetta di difendere, manlevare e tenere indenni Big Brane e le sue affiliate, i suoi dirigenti, amministratori, dipendenti, appaltatori e licenzianti da pretese di terzi, responsabilità, danni, sentenze, perdite e costi ragionevoli derivanti dall’uso illecito del Gioco da parte dell’utente, da una violazione sostanziale della presente EULA, dalla violazione dei diritti altrui o dallo sfruttamento commerciale non autorizzato del Gioco. Tale obbligo non si applica alle pretese causate da negligenza, dolo o violazione della presente EULA da parte di Big Brane.

13. Risoluzione

La presente EULA rimane efficace fino alla risoluzione. L’utente può risolverla cessando definitivamente di utilizzare il Gioco ed eliminando le copie sotto il proprio controllo.

Possiamo sospendere o risolvere la licenza dell’utente in caso di violazione sostanziale della presente EULA. Qualora sia ragionevolmente possibile porre rimedio a una violazione, forniremo un avviso e una ragionevole opportunità di porvi rimedio prima della risoluzione, salvo che un intervento immediato sia ragionevolmente necessario per proteggere gli utenti, la sicurezza, l’integrità della piattaforma, il rispetto della legge o i diritti di Big Brane.

Alla risoluzione, l’utente deve cessare di utilizzare il Gioco ed eliminare le copie sotto il proprio controllo. Le sezioni che per loro natura sono destinate a sopravvivere continueranno ad avere efficacia, incluse quelle relative a proprietà, esclusioni di garanzia, limitazioni di responsabilità, manleva, legge applicabile e disposizioni varie.

14. Legge applicabile e foro competente

La presente EULA è disciplinata dalle leggi del Commonwealth della Virginia, Stati Uniti, senza riguardo ai principi sui conflitti di legge. Qualsiasi azione legale derivante da o relativa alla presente EULA o al Gioco deve essere proposta esclusivamente dinanzi ai tribunali statali situati nella contea di Loudoun, Virginia, o al Tribunale distrettuale degli Stati Uniti per il Distretto orientale della Virginia, Divisione di Alexandria, e ciascuna parte accetta la giurisdizione personale e la competenza territoriale di tali tribunali.

Se l’utente è un consumatore, la presente sezione non lo priva delle tutele inderogabili né del diritto di presentare una pretesa in un altro foro cui non sia possibile rinunciare legalmente ai sensi delle leggi del luogo in cui vive.

15. Disposizioni varie

La presente EULA, le condizioni del Negozio applicabile, la Politica sui contenuti dei fan ove pertinente e qualsiasi altra condizione espressamente incorporata mediante rinvio costituiscono l’intero accordo tra l’utente e Big Brane in relazione al Gioco. La Politica sulla privacy e sulla raccolta dei dati è un’informativa che descrive le nostre prassi in materia di dati e non è incorporata come clausola contrattuale, salvo quanto diversamente previsto dalla legge applicabile.

Qualora una disposizione sia ritenuta invalida o inapplicabile, sarà applicata nella misura massima consentita dalla legge e le restanti disposizioni rimarranno efficaci. La mancata applicazione di una disposizione non costituisce rinuncia. Una rinuncia deve essere effettuata per iscritto e si applica esclusivamente al caso specifico indicato.

L’utente non può cedere o trasferire la presente EULA o la propria licenza, salvo quanto consentito da norme inderogabili. Big Brane può cedere la presente EULA in relazione a una fusione, acquisizione, riorganizzazione, vendita di beni o per effetto di legge.

I titoli sono forniti esclusivamente per comodità. La presente EULA non sarà interpretata a sfavore di una parte per il solo fatto che tale parte l’ha redatta.

Le traduzioni possono essere fornite per comodità e possono contenere inesattezze. La versione inglese disponibile all’indirizzo https://www.sushiben.com/en/eula è la versione prevalente nella misura consentita dalla legge applicabile.

16. Contatti

Le domande relative alla presente EULA possono essere inviate a:

Big Brane Studios, Inc.
E-mail: legal@bigbranestudios.com
EULA: https://www.sushiben.com/en/eula","Contrato de Licença de Usuário Final do Sushi Ben

Data de vigência: 2 de agosto de 2026

Este Contrato de Licença de Usuário Final (o “EULA”) é um acordo legal entre você e a Big Brane Studios, Inc. (“Big Brane”, “nós”, “nos” ou “nosso”) que rege seu acesso e uso do Sushi Ben, incluindo software, conteúdo, documentação, atualizações e serviços relacionados (coletivamente, o “Jogo”).

1. Aceitação e elegibilidade

Ao comprar, baixar, instalar, acessar ou usar o Jogo, ou ao aceitar expressamente este EULA quando essa opção for apresentada, você concorda com este EULA. Se não concordar, não acesse nem use o Jogo.

Você deve ter atingido a maioridade legal no local onde reside ou usar o Jogo com a permissão e supervisão de um dos pais ou responsável legal que concorde com este EULA em seu nome. Você declara ter a capacidade jurídica e a autoridade necessárias para aceitar este EULA.

2. Termos das lojas e plataformas

O Jogo pode ser distribuído por lojas e plataformas de terceiros, incluindo Steam, PlayStation, Meta Quest, HTC VIVEPORT, PICO e STOVE (cada uma, uma “Loja”). Sua compra e uso também podem ser regidos pelos termos da Loja aplicável.

Se este EULA entrar em conflito com termos obrigatórios da Loja, os termos da Loja prevalecerão apenas na medida desse conflito. Solicitações relacionadas a compras, cobranças e reembolsos devem ser encaminhadas à Loja por meio da qual o Jogo foi obtido e estão sujeitas às políticas dessa Loja e à legislação aplicável.

3. Concessão da licença

Sujeito ao seu cumprimento deste EULA e dos termos da Loja aplicável, a Big Brane concede a você uma licença limitada, pessoal, não exclusiva, intransferível, não sublicenciável e revogável para baixar, instalar, acessar e usar o Jogo nos dispositivos e nas contas permitidos pela Loja aplicável, exclusivamente para entretenimento pessoal e não comercial.

Você pode capturar e compartilhar imagens, vídeos de jogabilidade e transmissões ao vivo conforme permitido por nossa Política de Conteúdo de Fãs e pelos termos da Loja aplicável.

O Jogo é licenciado, não vendido. Nenhum direito de propriedade sobre o Jogo ou sua propriedade intelectual é transferido a você. A Big Brane e seus licenciantes reservam todos os direitos não concedidos expressamente.

4. Restrições

Exceto quando expressamente permitido por este EULA, pela Política de Conteúdo de Fãs ou por legislação obrigatória, você não pode:

- copiar, reproduzir, distribuir, vender, alugar, arrendar, sublicenciar, transferir ou explorar comercialmente o Jogo;
- modificar, adaptar, traduzir, realizar engenharia reversa, descompilar, desmontar, descobrir o código-fonte ou criar obras derivadas do Jogo;
- contornar ou interferir em controles de acesso, recursos de segurança, serviços de plataforma, verificações de titularidade ou restrições técnicas;
- usar trapaças, automações, exploits ou modificações não autorizados que interfiram no Jogo ou em uma Loja;
- remover ou alterar avisos de direitos autorais, marcas comerciais, atribuição ou propriedade;
- usar o Jogo de forma ilegal, mal-intencionada ou que viole os direitos de outra pessoa; ou
- sugerir falsamente que conteúdos, produtos ou serviços não oficiais são aprovados pela Big Brane ou afiliados a ela.

As restrições relativas à engenharia reversa aplicam-se apenas na máxima medida permitida pela legislação obrigatória.

5. Propriedade e materiais de terceiros

O Jogo, incluindo software, arte, personagens, música, diálogos, conteúdo audiovisual, marcas comerciais e outros materiais, pertence à Big Brane ou a seus licenciantes e é protegido por leis e tratados de propriedade intelectual.

O Jogo pode incluir software ou conteúdo de terceiros regido por avisos de licença separados fornecidos com o Jogo. Quando exigido, esses termos separados regem os materiais de terceiros aplicáveis.

6. Conteúdo de fãs

O conteúdo não oficial de fãs baseado no Jogo deve cumprir este EULA e a Política de Conteúdo de Fãs disponível em https://www.sushiben.com/en/fan-content. A permissão concedida por essa política poderá ser modificada ou revogada conforme nela estabelecido.

7. Privacidade e recursos das plataformas

Nosso tratamento de informações pessoais é descrito na Política de Privacidade e Coleta de Dados do Sushi Ben, disponível em https://www.sushiben.com/en/privacy.

Determinados recursos, incluindo conquistas, compras, salvamentos na nuvem, titularidades e contas de plataforma, podem ser operados por uma Loja. A disponibilidade e o funcionamento desses recursos estão sujeitos aos sistemas, termos e práticas de privacidade da Loja. Não garantimos que qualquer recurso da plataforma permanecerá disponível, funcionará sem interrupção ou será compatível com todas as versões do Jogo.

8. Saúde e segurança

Leia todas as informações de saúde e segurança fornecidas com seu dispositivo e sua plataforma antes de usar o Jogo. Os avisos a seguir não são exaustivos.

8.1 Convulsões fotossensíveis

Algumas pessoas podem sofrer convulsões, perda de consciência ou outros sintomas quando expostas a luzes piscantes ou padrões visuais. Consulte um médico antes do uso se você ou um familiar tiver histórico de epilepsia ou convulsões. Interrompa imediatamente o uso e procure orientação médica se apresentar convulsões, espasmos oculares ou musculares, perda de consciência, alterações da visão, movimentos involuntários ou desorientação.

8.2 Enjoo de movimento e desconforto

O uso de realidade virtual pode causar tontura, náusea, desorientação, cansaço visual, fadiga ou perda de equilíbrio. Faça pausas regulares. Se sentir desconforto, pare de usar o Jogo e descanse.

8.3 Área de jogo e segurança física

Use o Jogo somente em um ambiente seguro e adequado ao seu dispositivo. Remova obstáculos, mantenha-se atento a paredes, móveis, pessoas, animais de estimação, cabos, escadas e outros perigos e utilize todos os recursos de segurança da plataforma. Não use o Jogo ao dirigir, operar máquinas ou em qualquer outra situação que exija atenção ao ambiente ao seu redor.

9. Atualizações, disponibilidade e suporte

Podemos corrigir, atualizar, modificar, suspender ou descontinuar o Jogo ou qualquer recurso por motivos técnicos, de segurança, jurídicos, comerciais ou operacionais. Uma atualização poderá ser necessária para manter o acesso a determinados recursos. Não temos obrigação de manter versões anteriores, fornecer atualizações ou prestar suporte, exceto quando exigido pela legislação aplicável ou pelos termos da Loja.

Se fizermos uma alteração substancial neste EULA, publicaremos a versão atualizada e revisaremos a Data de vigência. Quando exigido por lei, forneceremos aviso adicional ou solicitaremos sua aceitação. As alterações não modificam retroativamente direitos ou obrigações surgidos antes da alteração, salvo se você concordar expressamente ou se a legislação aplicável permitir.

10. Isenção de garantias

Na máxima medida permitida por lei, o Jogo é fornecido “no estado em que se encontra” e “conforme disponível”, com todas as falhas e sem garantias de qualquer tipo, expressas, implícitas, legais ou de outra natureza. A Big Brane rejeita garantias implícitas de comerciabilidade, adequação a uma finalidade específica, titularidade, não violação, uso tranquilo e quaisquer garantias decorrentes de práticas anteriores entre as partes ou usos comerciais.

Não garantimos que o Jogo funcionará sem interrupção, será seguro, livre de erros, compatível com todas as configurações de dispositivos ou plataformas ou atenderá às suas expectativas. Baixar, instalar e usar software envolve riscos inerentes, incluindo perda de dados, interrupção do sistema e incompatibilidade.

Nada neste EULA exclui garantias ou direitos do consumidor que não possam ser legalmente excluídos.

11. Limitação de responsabilidade

Na máxima medida permitida por lei, a Big Brane e suas afiliadas, seus executivos, diretores, funcionários, prestadores de serviços, licenciantes e fornecedores de serviços não serão responsáveis por danos indiretos, incidentais, especiais, consequenciais, exemplares ou punitivos, nem por perda de lucros, receitas, reputação comercial, dados, uso ou oportunidades de negócios, decorrentes ou relacionados ao Jogo ou a este EULA, ainda que tenham sido avisados da possibilidade de tais danos.

Na máxima medida permitida por lei, a responsabilidade total agregada da Big Brane e das demais partes identificadas acima por todas as reivindicações decorrentes ou relacionadas ao Jogo ou a este EULA não excederá o maior valor entre (a) o valor efetivamente pago por você pelo Jogo durante os doze meses anteriores ao evento que deu origem à reivindicação e (b) 100 dólares americanos.

As exclusões e limitações desta seção não se aplicam a responsabilidades que não possam ser legalmente excluídas ou limitadas, o que pode incluir, dependendo da legislação aplicável, responsabilidade por fraude, declaração fraudulenta, negligência grave, conduta dolosa ou morte ou lesão corporal causada por negligência. Algumas jurisdições não permitem certas exclusões ou limitações; portanto, partes desta seção podem não se aplicar a você.

12. Indenização

Na máxima medida permitida por lei, você concorda em defender, indenizar e isentar de responsabilidade a Big Brane e suas afiliadas, seus executivos, diretores, funcionários, prestadores de serviços e licenciantes contra reivindicações de terceiros, responsabilidades, danos, decisões judiciais, perdas e custos razoáveis decorrentes de seu uso ilegal do Jogo, violação substancial deste EULA, violação dos direitos de outra pessoa ou exploração comercial não autorizada do Jogo. Essa obrigação não se aplica a reivindicações causadas por negligência, conduta dolosa ou violação deste EULA pela Big Brane.

13. Rescisão

Este EULA permanece em vigor até ser rescindido. Você pode rescindi-lo interrompendo permanentemente o uso do Jogo e excluindo as cópias sob seu controle.

Podemos suspender ou rescindir sua licença por violação substancial deste EULA. Quando for razoavelmente possível sanar uma violação, forneceremos aviso e uma oportunidade razoável para corrigi-la antes da rescisão, salvo quando uma ação imediata for razoavelmente necessária para proteger usuários, segurança, integridade da plataforma, cumprimento da lei ou os direitos da Big Brane.

Após a rescisão, você deverá deixar de usar o Jogo e excluir as cópias sob seu controle. As seções que, por sua natureza, devam continuar em vigor permanecerão válidas, incluindo propriedade, isenções de garantia, limitações de responsabilidade, indenização, legislação aplicável e disposições gerais.

14. Legislação aplicável e foro

Este EULA é regido pelas leis da Comunidade da Virgínia, Estados Unidos, desconsiderando-se os princípios de conflito de leis. Qualquer ação judicial decorrente ou relacionada a este EULA ou ao Jogo deverá ser proposta exclusivamente nos tribunais estaduais localizados no Condado de Loudoun, Virgínia, ou no Tribunal Distrital dos Estados Unidos para o Distrito Leste da Virgínia, Divisão de Alexandria, e cada parte consente com a jurisdição pessoal e o foro desses tribunais.

Se você for consumidor, esta seção não retira proteções obrigatórias nem o direito de apresentar uma reivindicação em outro foro aos quais não se possa renunciar legalmente segundo as leis do local onde você reside.

15. Disposições gerais

Este EULA, os termos da Loja aplicável, a Política de Conteúdo de Fãs quando pertinente e quaisquer outros termos expressamente incorporados por referência constituem o acordo integral entre você e a Big Brane a respeito do Jogo. A Política de Privacidade e Coleta de Dados é um aviso que descreve nossas práticas de dados e não é incorporada como termo contratual, exceto quando a legislação aplicável dispuser de outra forma.

Se uma disposição for considerada inválida ou inexequível, ela será aplicada na máxima medida legal e as disposições restantes permanecerão em vigor. A falta de aplicação de uma disposição não constitui renúncia. Qualquer renúncia deverá ser feita por escrito e se aplicará somente ao caso específico indicado.

Você não pode ceder ou transferir este EULA ou sua licença, exceto quando permitido pela legislação obrigatória. A Big Brane poderá ceder este EULA em conexão com uma fusão, aquisição, reorganização, venda de ativos ou por força de lei.

Os títulos são apenas para conveniência. Este EULA não será interpretado contra qualquer das partes unicamente pelo fato de essa parte tê-lo redigido.

Traduções podem ser fornecidas por conveniência e podem conter imprecisões. A versão em inglês disponível em https://www.sushiben.com/en/eula é a versão prevalecente na medida permitida pela legislação aplicável.

16. Fale conosco

Perguntas sobre este EULA podem ser enviadas para:

Big Brane Studios, Inc.
E-mail: legal@bigbranestudios.com
EULA: https://www.sushiben.com/en/eula","Sushi Ben エンドユーザー使用許諾契約

発効日：2026年8月2日

本エンドユーザー使用許諾契約（以下「本EULA」）は、Sushi Benならびにそのソフトウェア、コンテンツ、ドキュメント、アップデートおよび関連サービス（以下、総称して「本ゲーム」）へのアクセスおよびその利用について、お客様とBig Brane Studios, Inc.（以下「Big Brane」または「当社」）との間に成立する法的契約です。

1. 同意および利用資格

本ゲームを購入、ダウンロード、インストール、アクセスもしくは利用すること、または本EULAへの明示的な同意を求められた場合に同意することにより、お客様は本EULAに同意したものとみなされます。同意しない場合は、本ゲームにアクセスしたり、本ゲームを利用したりしないでください。

お客様は、居住地における法定成人年齢に達しているか、またはお客様に代わって本EULAに同意する親権者もしくは法定後見人の許可および監督のもとで本ゲームを利用する必要があります。お客様は、本EULAに同意するために必要な法的能力および権限を有することを表明します。

2. ストアおよびプラットフォームの条件

本ゲームは、Steam、PlayStation、Meta Quest、HTC VIVEPORT、PICO、STOVEなどの第三者のストアおよびプラットフォーム（それぞれを以下「ストア」）を通じて配信される場合があります。お客様による購入および利用には、該当するストアの規約も適用される場合があります。

本EULAとストアの強行的な規約が抵触する場合、その抵触の範囲に限り、ストアの規約が優先します。購入、請求および返金に関する依頼は、本ゲームを取得したストアに対して行うものとし、当該ストアのポリシーおよび適用法に従うものとします。

3. ライセンスの許諾

お客様が本EULAおよび該当するストアの規約を遵守することを条件として、Big Braneはお客様に対し、該当するストアが許可するデバイスおよびアカウント上で、個人的かつ非商業的な娯楽目的に限り、本ゲームをダウンロード、インストール、アクセスおよび利用するための、限定的、個人的、非独占的、譲渡不能、再許諾不能かつ取消可能なライセンスを許諾します。

お客様は、当社のファンコンテンツポリシーおよび該当するストアの規約で認められる範囲で、スクリーンショット、ゲームプレイ動画およびライブ配信を撮影し、共有することができます。

本ゲームは販売されるものではなく、使用許諾されるものです。本ゲームまたはその知的財産に関する所有権がお客様に移転することはありません。Big Braneおよびそのライセンサーは、明示的に許諾されていないすべての権利を留保します。

4. 制限事項

本EULA、ファンコンテンツポリシーまたは強行法規で明示的に認められる場合を除き、お客様は以下の行為を行ってはなりません。

- 本ゲームを複製、再製、配布、販売、賃貸、リース、再許諾、譲渡または商業的に利用すること。
- 本ゲームを変更、翻案もしくは翻訳し、リバースエンジニアリング、逆コンパイルもしくは逆アセンブルし、ソースコードを解明し、または本ゲームに基づく二次的著作物を作成すること。
- アクセス制御、セキュリティ機能、プラットフォームサービス、利用権の確認または技術的制限を回避し、または妨害すること。
- 本ゲームまたはストアを妨害する無許可のチート、自動化、エクスプロイトまたは改変を使用すること。
- 著作権、商標、帰属表示または所有権に関する表示を削除し、または変更すること。
- 本ゲームを違法もしくは悪意のある方法で、または他者の権利を侵害する方法で利用すること。または
- 非公式のコンテンツ、製品もしくはサービスがBig Braneによって承認されている、またはBig Braneと提携していると虚偽の表示をすること。

リバースエンジニアリングに関する制限は、強行法規で認められる最大限の範囲でのみ適用されます。

5. 所有権および第三者の素材

ソフトウェア、アートワーク、キャラクター、音楽、台詞、映像音声コンテンツ、商標その他の素材を含む本ゲームは、Big Braneまたはそのライセンサーが所有し、知的財産に関する法令および条約によって保護されています。

本ゲームには、本ゲームとともに提供される別個のライセンス表示が適用される第三者のソフトウェアまたはコンテンツが含まれる場合があります。必要な場合、該当する第三者の素材については、当該別個の条件が適用されます。

6. ファンコンテンツ

本ゲームに基づく非公式のファンコンテンツは、本EULAおよび https://www.sushiben.com/en/fan-content で閲覧できるファンコンテンツポリシーに従う必要があります。同ポリシーに基づき付与される許可は、同ポリシーに定めるところにより変更または撤回される場合があります。

7. プライバシーおよびプラットフォーム機能

当社による個人情報の取扱いについては、https://www.sushiben.com/en/privacy で閲覧できるSushi Benプライバシーおよびデータ収集ポリシーに記載されています。

実績、購入、クラウドセーブ、利用権およびプラットフォームアカウントを含む一部の機能は、ストアによって運営される場合があります。これらの機能の提供および動作には、ストアのシステム、規約およびプライバシー慣行が適用されます。当社は、プラットフォームの機能が継続して提供され、中断なく動作し、または本ゲームのすべてのバージョンと互換性を有することを保証しません。

8. 健康および安全

本ゲームを利用する前に、お使いのデバイスおよびプラットフォームに付属する健康および安全に関するすべての情報を確認してください。以下の警告はすべてを網羅するものではありません。

8.1 光過敏性発作

点滅する光または視覚的パターンにさらされると、発作、意識消失その他の症状が生じる方がいます。お客様またはご家族にてんかんまたは発作の既往歴がある場合は、利用前に医師に相談してください。けいれん、目もしくは筋肉のけいれん、意識消失、視覚の変化、不随意運動または見当識障害が生じた場合は、直ちに利用を中止し、医師の診察を受けてください。

8.2 乗り物酔いおよび不快感

バーチャルリアリティの利用により、めまい、吐き気、見当識障害、眼精疲労、疲労または平衡感覚の喪失が生じることがあります。定期的に休憩してください。不快感が生じた場合は、本ゲームの利用を中止して休んでください。

8.3 プレイエリアおよび身体的安全

本ゲームは、お使いのデバイスに適した安全な環境でのみ利用してください。障害物を取り除き、壁、家具、人、ペット、コード、階段その他の危険に注意し、プラットフォームのすべての安全機能を利用してください。運転中、機械の操作中、または周囲への注意が必要な状況では、本ゲームを利用しないでください。

9. アップデート、提供およびサポート

当社は、技術上、セキュリティ上、法令上、商業上または運用上の理由により、本ゲームまたはその機能を修正、更新、変更、停止または終了することがあります。一部の機能への継続的なアクセスには、アップデートが必要となる場合があります。適用法またはストアの規約で義務付けられる場合を除き、当社は旧バージョンを維持し、アップデートを提供し、またはサポートを提供する義務を負いません。

当社が本EULAを重要な点で改定する場合、改定版を掲載し、発効日を更新します。法令で義務付けられる場合、当社は追加の通知を行い、または同意を求めます。お客様が明示的に同意した場合または適用法で認められる場合を除き、変更前に生じた権利または義務が変更によって遡及的に変更されることはありません。

10. 保証の否認

法令で認められる最大限の範囲において、本ゲームは、すべての瑕疵を含む「現状有姿」かつ「提供可能な範囲」で、明示、黙示、法定その他いかなる種類の保証もなく提供されます。Big Braneは、商品性、特定目的への適合性、権原、非侵害、平穏享有、ならびに取引過程または商慣習から生じる保証を含む、すべての黙示の保証を否認します。

当社は、本ゲームが中断なく動作し、安全で、エラーがなく、すべてのデバイスもしくはプラットフォーム構成と互換性を有し、またはお客様の期待を満たすことを保証しません。ソフトウェアのダウンロード、インストールおよび利用には、データの喪失、システムの中断および互換性の問題を含む固有のリスクがあります。

本EULAのいかなる規定も、法律上排除できない保証または消費者の権利を排除するものではありません。

11. 責任の制限

法令で認められる最大限の範囲において、Big Braneならびにその関連会社、役員、取締役、従業員、請負業者、ライセンサーおよびサービス提供者は、本ゲームまたは本EULAに起因し、または関連する間接的、付随的、特別、結果的、懲罰的もしくは制裁的損害、または利益、収益、信用、データ、利用機会もしくは事業機会の喪失について、かかる損害の可能性を知らされていた場合であっても、責任を負いません。

法令で認められる最大限の範囲において、本ゲームまたは本EULAに起因し、または関連するすべての請求についてのBig Braneおよび上記のその他の当事者の責任総額は、(a) 請求原因となった事象の前12か月間にお客様が本ゲームについて実際に支払った金額、または (b) 100米ドルのうち、いずれか高い額を上限とします。

本条の免責および制限は、法律上排除または制限できない責任には適用されません。これには、適用法によっては、詐欺、詐欺的不実表示、重大な過失、故意の不法行為、または過失による死亡もしくは人身傷害に対する責任が含まれる場合があります。一部の法域では、特定の免責または制限が認められていないため、本条の一部がお客様に適用されない場合があります。

12. 補償

法令で認められる最大限の範囲において、お客様は、お客様による本ゲームの違法な利用、本EULAの重大な違反、他者の権利の侵害、または本ゲームの無許可の商業的利用に起因する第三者からの請求、責任、損害、判決、損失および合理的な費用について、Big Braneならびにその関連会社、役員、取締役、従業員、請負業者およびライセンサーを防御し、補償し、免責することに同意します。この義務は、Big Braneの過失、故意の不法行為または本EULA違反によって生じた請求には適用されません。

13. 終了

本EULAは、終了するまで有効に存続します。お客様は、本ゲームの利用を恒久的に中止し、お客様の管理下にある複製物を削除することにより、本EULAを終了できます。

当社は、お客様による本EULAの重大な違反を理由として、お客様のライセンスを停止または終了することができます。違反を合理的に是正できる場合、当社は、利用者、セキュリティ、プラットフォームの完全性、法令遵守またはBig Braneの権利を保護するために直ちに措置を講じることが合理的に必要な場合を除き、終了前に通知し、是正のための合理的な機会を提供します。

終了後、お客様は本ゲームの利用を中止し、お客様の管理下にある複製物を削除しなければなりません。所有権、保証の否認、責任の制限、補償、準拠法および一般条項を含め、その性質上終了後も存続すべき条項は、終了後も存続します。

14. 準拠法および裁判地

本EULAは、法の抵触に関する原則にかかわらず、米国バージニア州法に準拠します。本EULAまたは本ゲームに起因し、または関連する訴訟は、バージニア州ラウドン郡に所在する州裁判所、またはバージニア州東部地区連邦地方裁判所アレクサンドリア支部にのみ提起するものとし、各当事者は、これらの裁判所の対人管轄権および裁判地に同意します。

お客様が消費者である場合、本条は、お客様の居住地の法律に基づき放棄することのできない強行的な保護、または別の法廷に請求を提起する権利をお客様から奪うものではありません。

15. 一般条項

本EULA、該当するストアの規約、該当する場合のファンコンテンツポリシー、および参照により明示的に組み込まれるその他の条件は、本ゲームに関するお客様とBig Braneとの間の完全な合意を構成します。プライバシーおよびデータ収集ポリシーは、当社のデータ取扱慣行を説明する通知であり、適用法に別段の定めがある場合を除き、契約条件として組み込まれるものではありません。

いずれかの規定が無効または執行不能と判断された場合、当該規定は法律上可能な最大限の範囲で執行され、その他の規定は引き続き有効とします。ある規定を執行しなかったとしても、権利放棄とはみなされません。権利放棄は書面によるものとし、記載された特定の場合にのみ適用されます。

強行法規で認められる場合を除き、お客様は本EULAまたはライセンスを譲渡もしくは移転することはできません。Big Braneは、合併、買収、組織再編、資産売却または法の適用に関連して、本EULAを譲渡することができます。

見出しは便宜上のものにすぎません。本EULAは、一方の当事者が作成したという理由だけで、その当事者に不利に解釈されることはありません。

翻訳は便宜のために提供される場合があり、不正確な内容を含む可能性があります。適用法で認められる範囲において、https://www.sushiben.com/en/eula で閲覧できる英語版が優先します。

16. お問い合わせ

本EULAに関するお問い合わせは、以下までお送りください。

Big Brane Studios, Inc.
メール：legal@bigbranestudios.com
EULA：https://www.sushiben.com/en/eula","Sushi Ben 최종 사용자 사용권 계약

발효일: 2026년 8월 2일

본 최종 사용자 사용권 계약(이하 ""EULA"")은 귀하와 Big Brane Studios, Inc.(이하 ""Big Brane"", ""당사"") 간에 체결되는 법적 계약으로서, Sushi Ben의 소프트웨어, 콘텐츠, 문서, 업데이트 및 관련 서비스(이하 통칭하여 ""게임"")에 대한 귀하의 접근 및 이용을 규율합니다.

1. 동의 및 이용 자격

게임을 구매, 다운로드, 설치, 접근 또는 이용하거나, 동의 옵션이 제시되는 경우 본 EULA에 명시적으로 동의함으로써 귀하는 본 EULA에 동의합니다. 동의하지 않는 경우 게임에 접근하거나 게임을 이용하지 마십시오.

귀하는 거주 지역의 법정 성년 연령에 도달했거나, 귀하를 대신하여 본 EULA에 동의하는 부모 또는 법정대리인의 허락과 감독하에 게임을 이용해야 합니다. 귀하는 본 EULA에 동의하는 데 필요한 법적 능력과 권한을 보유하고 있음을 진술합니다.

2. 스토어 및 플랫폼 약관

게임은 Steam, PlayStation, Meta Quest, HTC VIVEPORT, PICO 및 STOVE를 포함한 제3자 스토어와 플랫폼(각각 ""스토어"")을 통해 배포될 수 있습니다. 귀하의 구매 및 이용에는 해당 스토어의 약관도 적용될 수 있습니다.

본 EULA가 의무적으로 적용되는 스토어 약관과 충돌하는 경우, 해당 충돌 범위에 한하여 스토어 약관이 우선합니다. 구매, 결제 및 환불 요청은 게임을 취득한 스토어에 제기해야 하며, 해당 스토어의 정책 및 관련 법률이 적용됩니다.

3. 사용권 부여

귀하가 본 EULA 및 해당 스토어 약관을 준수하는 것을 조건으로, Big Brane은 해당 스토어에서 허용하는 기기와 계정에서 개인적이고 비상업적인 오락 목적으로만 게임을 다운로드, 설치, 접근 및 이용할 수 있는 제한적이고 개인적이며 비독점적이고 양도 불가능하며 재사용권을 부여할 수 없고 철회 가능한 사용권을 귀하에게 부여합니다.

귀하는 당사의 팬 콘텐츠 정책 및 해당 스토어 약관에서 허용하는 범위에서 스크린샷, 게임 플레이 동영상 및 라이브 스트리밍을 촬영하고 공유할 수 있습니다.

게임은 판매되는 것이 아니라 사용권이 허여되는 것입니다. 게임 또는 그 지식재산권에 대한 어떠한 소유권도 귀하에게 이전되지 않습니다. Big Brane과 그 사용권 허여자는 명시적으로 부여되지 않은 모든 권리를 보유합니다.

4. 제한 사항

본 EULA, 팬 콘텐츠 정책 또는 강행 법규에서 명시적으로 허용하는 경우를 제외하고, 귀하는 다음 행위를 할 수 없습니다.

- 게임을 복사, 복제, 배포, 판매, 대여, 임대, 재사용권 허여, 양도 또는 상업적으로 이용하는 행위
- 게임을 수정, 각색, 번역, 리버스 엔지니어링, 디컴파일 또는 역어셈블하거나, 소스 코드를 알아내거나, 게임을 바탕으로 2차적 저작물을 만드는 행위
- 접근 통제, 보안 기능, 플랫폼 서비스, 이용 자격 확인 또는 기술적 제한을 우회하거나 방해하는 행위
- 게임 또는 스토어를 방해하는 승인되지 않은 치트, 자동화, 익스플로잇 또는 개조물을 사용하는 행위
- 저작권, 상표, 출처 표시 또는 소유권 고지를 제거하거나 변경하는 행위
- 게임을 불법적이거나 악의적인 방식 또는 타인의 권리를 침해하는 방식으로 이용하는 행위
- 비공식 콘텐츠, 제품 또는 서비스가 Big Brane의 승인이나 제휴를 받은 것처럼 허위로 표시하는 행위

리버스 엔지니어링에 대한 제한은 강행 법규가 허용하는 최대 범위에서만 적용됩니다.

5. 소유권 및 제3자 자료

게임의 소프트웨어, 미술 작품, 캐릭터, 음악, 대사, 시청각 콘텐츠, 상표 및 기타 자료는 Big Brane 또는 그 사용권 허여자의 소유이며, 지식재산권 관련 법률 및 조약에 의해 보호됩니다.

게임에는 게임과 함께 제공되는 별도의 사용권 고지가 적용되는 제3자 소프트웨어 또는 콘텐츠가 포함될 수 있습니다. 필요한 경우 해당 제3자 자료에는 그 별도 약관이 적용됩니다.

6. 팬 콘텐츠

게임을 기반으로 한 비공식 팬 콘텐츠는 본 EULA 및 https://www.sushiben.com/en/fan-content 에서 확인할 수 있는 팬 콘텐츠 정책을 준수해야 합니다. 해당 정책에 따라 부여된 허가는 정책에 명시된 바에 따라 변경되거나 철회될 수 있습니다.

7. 개인정보 보호 및 플랫폼 기능

당사의 개인정보 처리는 https://www.sushiben.com/en/privacy 에서 확인할 수 있는 Sushi Ben 개인정보 보호 및 데이터 수집 정책에 설명되어 있습니다.

업적, 구매, 클라우드 저장, 이용 자격 및 플랫폼 계정을 포함한 일부 기능은 스토어에서 운영할 수 있습니다. 이러한 기능의 이용 가능 여부와 운영에는 해당 스토어의 시스템, 약관 및 개인정보 보호 관행이 적용됩니다. 당사는 어떠한 플랫폼 기능도 계속 이용 가능하거나 중단 없이 제공되거나 게임의 모든 버전과 호환될 것이라고 보장하지 않습니다.

8. 건강 및 안전

게임을 이용하기 전에 귀하의 기기와 플랫폼에 제공된 모든 건강 및 안전 정보를 검토하십시오. 다음 경고는 모든 위험을 망라하지 않습니다.

8.1 광과민성 발작

일부 사람은 번쩍이는 빛이나 시각적 패턴에 노출될 때 발작, 의식 상실 또는 기타 증상을 겪을 수 있습니다. 귀하 또는 가족에게 간질이나 발작 병력이 있는 경우 이용 전에 의사와 상담하십시오. 경련, 눈 또는 근육의 경련, 의식 상실, 시야 변화, 불수의 운동 또는 방향 감각 상실을 겪는 경우 즉시 이용을 중단하고 의학적 조언을 구하십시오.

8.2 멀미 및 불편감

가상현실 이용은 어지럼증, 메스꺼움, 방향 감각 상실, 눈의 피로, 피로감 또는 균형 상실을 유발할 수 있습니다. 정기적으로 휴식을 취하십시오. 불편함을 느끼면 게임 이용을 중단하고 휴식하십시오.

8.3 플레이 공간 및 신체 안전

귀하의 기기에 적합한 안전한 환경에서만 게임을 이용하십시오. 장애물을 치우고 벽, 가구, 사람, 반려동물, 전선, 계단 및 기타 위험 요소를 인지하며, 플랫폼의 모든 안전 기능을 이용하십시오. 운전 중이거나 기계를 조작하는 중 또는 주변 상황을 인지해야 하는 다른 상황에서는 게임을 이용하지 마십시오.

9. 업데이트, 이용 가능성 및 지원

당사는 기술, 보안, 법률, 상업 또는 운영상의 이유로 게임이나 그 기능을 패치, 업데이트, 수정, 일시 중단 또는 중단할 수 있습니다. 일부 기능을 계속 이용하려면 업데이트가 필요할 수 있습니다. 관련 법률이나 스토어 약관에서 요구하는 경우를 제외하고, 당사는 이전 버전을 유지하거나 업데이트 또는 지원을 제공할 의무가 없습니다.

당사가 본 EULA를 중대하게 개정하는 경우, 업데이트된 버전을 게시하고 발효일을 수정합니다. 법률에서 요구하는 경우 추가 통지를 제공하거나 동의를 요청합니다. 귀하가 명시적으로 동의하거나 관련 법률이 허용하지 않는 한, 변경 사항은 변경 전에 발생한 권리나 의무를 소급하여 변경하지 않습니다.

10. 보증의 부인

법률이 허용하는 최대 범위에서 게임은 모든 결함을 포함하여 어떠한 종류의 명시적, 묵시적, 법정 또는 기타 보증도 없이 ""있는 그대로"" 및 ""이용 가능한 상태로"" 제공됩니다. Big Brane은 상품성, 특정 목적에 대한 적합성, 권원, 비침해, 평온한 사용 및 거래 과정이나 상관습에서 발생하는 모든 묵시적 보증을 부인합니다.

당사는 게임이 중단 없이 제공되거나, 안전하거나, 오류가 없거나, 모든 기기 또는 플랫폼 구성과 호환되거나, 귀하의 기대를 충족한다고 보증하지 않습니다. 소프트웨어의 다운로드, 설치 및 이용에는 데이터 손실, 시스템 중단 및 비호환성을 포함한 고유한 위험이 따릅니다.

본 EULA의 어떠한 내용도 법적으로 배제할 수 없는 보증이나 소비자 권리를 배제하지 않습니다.

11. 책임의 제한

법률이 허용하는 최대 범위에서 Big Brane 및 그 계열사, 임원, 이사, 직원, 계약업체, 사용권 허여자 및 서비스 제공자는 게임 또는 본 EULA로부터 발생하거나 이와 관련된 간접적, 부수적, 특별, 결과적, 징벌적 또는 본보기적 손해나 이익, 매출, 영업권, 데이터, 이용 기회 또는 사업 기회의 상실에 대해, 그러한 손해의 가능성을 통지받았더라도 책임을 지지 않습니다.

법률이 허용하는 최대 범위에서 게임 또는 본 EULA로부터 발생하거나 이와 관련된 모든 청구에 대한 Big Brane 및 위에 명시된 기타 당사자들의 총 누적 책임은 (a) 청구의 원인이 된 사건 직전 12개월 동안 귀하가 게임에 실제로 지급한 금액 또는 (b) 미화 100달러 중 더 큰 금액을 초과하지 않습니다.

본 조의 배제 및 제한은 법적으로 배제하거나 제한할 수 없는 책임에는 적용되지 않습니다. 관련 법률에 따라 여기에는 사기, 사기성 허위 진술, 중과실, 고의적 위법 행위 또는 과실로 인한 사망이나 신체 상해에 대한 책임이 포함될 수 있습니다. 일부 관할권에서는 특정 배제나 제한을 허용하지 않으므로 본 조의 일부가 귀하에게 적용되지 않을 수 있습니다.

12. 면책

법률이 허용하는 최대 범위에서 귀하는 귀하의 불법적인 게임 이용, 본 EULA의 중대한 위반, 타인의 권리 침해 또는 승인되지 않은 게임의 상업적 이용으로 인해 발생하는 제3자의 청구, 책임, 손해, 판결, 손실 및 합리적인 비용으로부터 Big Brane 및 그 계열사, 임원, 이사, 직원, 계약업체 및 사용권 허여자를 방어하고 면책하며 해가 없도록 하는 데 동의합니다. 이 의무는 Big Brane의 과실, 고의적 위법 행위 또는 본 EULA 위반으로 인해 발생한 청구에는 적용되지 않습니다.

13. 종료

본 EULA는 종료될 때까지 유효합니다. 귀하는 게임 이용을 영구적으로 중단하고 귀하가 관리하는 사본을 삭제함으로써 본 EULA를 종료할 수 있습니다.

당사는 귀하가 본 EULA를 중대하게 위반하는 경우 귀하의 사용권을 일시 중단하거나 종료할 수 있습니다. 위반을 합리적으로 시정할 수 있는 경우, 사용자, 보안, 플랫폼 무결성, 법률 준수 또는 Big Brane의 권리를 보호하기 위해 즉각적인 조치가 합리적으로 필요한 경우를 제외하고, 당사는 종료 전에 통지하고 합리적인 시정 기회를 제공합니다.

종료 시 귀하는 게임 이용을 중단하고 귀하가 관리하는 사본을 삭제해야 합니다. 소유권, 보증 부인, 책임 제한, 면책, 준거법 및 기타 조항을 포함하여 그 성격상 존속해야 하는 조항은 종료 후에도 존속합니다.

14. 준거법 및 재판지

본 EULA는 법률 충돌 원칙과 관계없이 미국 버지니아주 법률의 적용을 받습니다. 본 EULA 또는 게임으로부터 발생하거나 이와 관련된 모든 소송은 버지니아주 라우던 카운티에 위치한 주 법원 또는 미국 버지니아 동부 연방지방법원 알렉산드리아 지원에만 제기해야 하며, 각 당사자는 해당 법원의 대인 관할권 및 재판지에 동의합니다.

귀하가 소비자인 경우, 본 조는 귀하가 거주하는 지역의 법률에 따라 적법하게 포기할 수 없는 강행적 보호 또는 다른 법정에 청구할 권리를 박탈하지 않습니다.

15. 기타

본 EULA, 해당 스토어 약관, 관련되는 경우 팬 콘텐츠 정책 및 참조로 명시적으로 편입된 기타 약관은 게임에 관한 귀하와 Big Brane 간의 완전한 합의를 구성합니다. 개인정보 보호 및 데이터 수집 정책은 당사의 데이터 관행을 설명하는 고지이며, 관련 법률에서 달리 정하는 경우를 제외하고 계약 조건으로 편입되지 않습니다.

어떤 조항이 무효이거나 집행 불가능한 것으로 판단되는 경우, 해당 조항은 적법한 최대 범위에서 집행되며 나머지 조항은 계속 유효합니다. 조항을 집행하지 않더라도 권리 포기로 간주되지 않습니다. 권리 포기는 서면으로 이루어져야 하며 명시된 특정 경우에만 적용됩니다.

강행 법규에서 허용하는 경우를 제외하고, 귀하는 본 EULA 또는 귀하의 사용권을 양도하거나 이전할 수 없습니다. Big Brane은 합병, 인수, 조직 개편, 자산 매각 또는 법률의 효력에 따라 본 EULA를 양도할 수 있습니다.

제목은 편의를 위한 것일 뿐입니다. 본 EULA는 어느 한 당사자가 작성했다는 이유만으로 해당 당사자에게 불리하게 해석되지 않습니다.

번역본은 편의를 위해 제공될 수 있으며 부정확한 내용이 포함될 수 있습니다. 관련 법률이 허용하는 범위에서 https://www.sushiben.com/en/eula 에서 확인할 수 있는 영문본이 우선합니다.

16. 문의

본 EULA에 관한 질문은 다음 연락처로 보내실 수 있습니다.

Big Brane Studios, Inc.
이메일: legal@bigbranestudios.com
EULA: https://www.sushiben.com/en/eula","Sushi Ben 最终用户许可协议

生效日期：2026年8月2日

本最终用户许可协议（以下简称“EULA”）是您与 Big Brane Studios, Inc.（以下简称“Big Brane”或“我们”）之间订立的法律协议，适用于您对 Sushi Ben（包括其软件、内容、文档、更新及相关服务，以下统称“游戏”）的访问和使用。

1. 接受与资格

购买、下载、安装、访问或使用游戏，或在提供相应选项时明确接受本 EULA，即表示您同意受本 EULA 约束。如果您不同意，请勿访问或使用游戏。

您必须达到居住地的法定成年年龄，或者在父母或法定监护人的许可和监督下使用游戏，且该父母或法定监护人代表您同意本 EULA。您声明您具有接受本 EULA 所需的法律行为能力和权限。

2. 商店与平台条款

游戏可能通过第三方商店和平台分发，包括 Steam、PlayStation、Meta Quest、HTC VIVEPORT、PICO 和 STOVE（各称“商店”）。您的购买和使用还可能受适用商店条款的约束。

如果本 EULA 与强制适用的商店条款发生冲突，则仅在冲突范围内以商店条款为准。购买、计费和退款请求必须向您取得游戏的商店提出，并受该商店政策和适用法律的约束。

3. 许可授予

在您遵守本 EULA 和适用商店条款的前提下，Big Brane 授予您一项有限的、个人的、非独占的、不可转让的、不可再许可的且可撤销的许可，允许您仅出于个人、非商业娱乐目的，在适用商店允许的设备和账户上下载、安装、访问和使用游戏。

您可以按照我们的粉丝内容政策和适用商店条款所允许的方式，录制和分享屏幕截图、游戏视频及直播内容。

游戏仅向您授予许可，并非出售。游戏或其知识产权的任何所有权权益均不会转让给您。Big Brane 及其许可方保留所有未明确授予的权利。

4. 限制

除非本 EULA、粉丝内容政策或强制性法律明确允许，否则您不得：

- 复制、再制作、分发、销售、出租、租赁、再许可、转让游戏或对游戏进行商业利用；
- 修改、改编、翻译、反向工程、反编译、反汇编游戏，探查其源代码，或基于游戏创作衍生作品；
- 绕过或干扰访问控制、安全功能、平台服务、权利验证或技术限制；
- 使用会干扰游戏或商店的未经授权的作弊工具、自动化工具、漏洞利用手段或修改内容；
- 删除或更改版权、商标、署名或所有权声明；
- 以非法、恶意或侵犯他人权利的方式使用游戏；或
- 虚假暗示非官方内容、产品或服务已获 Big Brane 批准或与 Big Brane 存在关联。

对反向工程的限制仅在强制性法律允许的最大范围内适用。

5. 所有权与第三方材料

游戏（包括其软件、美术作品、角色、音乐、对话、视听内容、商标及其他材料）归 Big Brane 或其许可方所有，并受知识产权法律和条约的保护。

游戏可能包含受随游戏提供的单独许可声明约束的第三方软件或内容。在法律要求的情况下，该等单独条款适用于相应的第三方材料。

6. 粉丝内容

基于游戏创作的非官方粉丝内容必须遵守本 EULA 以及发布于 https://www.sushiben.com/en/fan-content 的粉丝内容政策。根据该政策授予的许可可能按照政策中的规定予以修改或撤销。

7. 隐私与平台功能

我们对个人信息的处理方式载于发布在 https://www.sushiben.com/en/privacy 的 Sushi Ben 隐私与数据收集政策。

成就、购买、云存档、权利验证和平台账户等部分功能可能由商店运营。此类功能的可用性和运行受商店的系统、条款及隐私惯例约束。我们不保证任何平台功能将持续可用、不间断运行，或与游戏的每个版本兼容。

8. 健康与安全

使用游戏前，请查看随您的设备和平台提供的全部健康与安全信息。以下警告并未涵盖所有风险。

8.1 光敏性癫痫发作

某些人在接触闪烁灯光或视觉图案时可能出现癫痫发作、失去意识或其他症状。如果您或您的家人有癫痫或癫痫发作病史，请在使用前咨询医生。如果您出现抽搐、眼部或肌肉痉挛、失去意识、视觉改变、不自主运动或定向障碍，请立即停止使用并寻求医疗建议。

8.2 晕动症与不适

使用虚拟现实设备可能引起眩晕、恶心、定向障碍、眼睛疲劳、乏力或失去平衡。请定期休息。如果感到不适，请停止使用游戏并休息。

8.3 游玩区域与人身安全

请仅在适合您所用设备的安全环境中使用游戏。清除障碍物，注意墙壁、家具、人员、宠物、电线、楼梯及其他危险，并使用平台提供的全部安全功能。请勿在驾驶、操作机械或其他需要注意周围环境的情况下使用游戏。

9. 更新、可用性与支持

我们可能出于技术、安全、法律、商业或运营原因，对游戏或任何功能进行修补、更新、修改、暂停或停止提供。继续访问某些功能可能需要安装更新。除非适用法律或商店条款另有要求，否则我们没有义务维护先前版本、提供更新或提供支持。

如果我们对本 EULA 作出重大修订，我们将发布更新后的版本并修改生效日期。在法律要求的情况下，我们将另行通知或请求您接受修订内容。除非您明确同意或适用法律允许，否则变更不会追溯改变变更前产生的权利或义务。

10. 保证免责声明

在法律允许的最大范围内，游戏以“现状”和“可用状态”提供，包含其所有缺陷，且不附带任何种类的明示、默示、法定或其他保证。Big Brane 不作关于适销性、特定用途适用性、所有权、不侵权、安宁使用以及因交易过程或行业惯例产生的默示保证。

我们不保证游戏不会中断、具有安全性、没有错误、兼容所有设备或平台配置，或符合您的预期。下载、安装和使用软件存在固有风险，包括数据丢失、系统中断和不兼容。

本 EULA 的任何内容均不排除法律上不得排除的保证或消费者权利。

11. 责任限制

在法律允许的最大范围内，Big Brane 及其关联方、高级职员、董事、员工、承包商、许可方和服务提供商不对因游戏或本 EULA 引起或与之相关的任何间接、附带、特殊、后果性、惩戒性或惩罚性损害，或任何利润、收入、商誉、数据、使用机会或商业机会损失承担责任，即使其已被告知可能发生此类损害。

在法律允许的最大范围内，Big Brane 及上述其他各方对因游戏或本 EULA 引起或与之相关的所有索赔所承担的累计责任总额，不超过以下两者中的较高者：(a) 在引起索赔的事件发生前十二个月内，您为游戏实际支付的金额；或 (b) 100 美元。

本节所述的排除和限制不适用于法律上不得排除或限制的责任。根据适用法律，此类责任可能包括欺诈、欺诈性虚假陈述、重大过失、故意不当行为，或因过失导致的死亡或人身伤害。部分司法管辖区不允许某些排除或限制，因此本节的部分内容可能不适用于您。

12. 赔偿

在法律允许的最大范围内，您同意就因您非法使用游戏、严重违反本 EULA、侵犯他人权利或未经授权对游戏进行商业利用而引起的第三方索赔、责任、损害、判决、损失及合理费用，为 Big Brane 及其关联方、高级职员、董事、员工、承包商和许可方进行抗辩、给予赔偿并使其免受损害。本义务不适用于因 Big Brane 的过失、故意不当行为或违反本 EULA 而引起的索赔。

13. 终止

本 EULA 在终止前持续有效。您可以通过永久停止使用游戏并删除您控制的游戏副本来终止本 EULA。

如果您严重违反本 EULA，我们可以暂停或终止您的许可。如果违约行为能够合理补救，我们将在终止前向您发出通知并提供合理的补救机会；但为保护用户、安全、平台完整性、法律合规或 Big Brane 的权利而有合理必要立即采取行动的情形除外。

终止后，您必须停止使用游戏并删除您控制的游戏副本。根据其性质应在终止后继续有效的条款将继续有效，包括有关所有权、免责声明、责任限制、赔偿、准据法和其他事项的条款。

14. 准据法与管辖法院

本 EULA 受美国弗吉尼亚州法律管辖，不适用法律冲突原则。因本 EULA 或游戏引起或与之相关的任何法律诉讼，必须专属提交至位于弗吉尼亚州劳登县的州法院，或美国弗吉尼亚东区联邦地区法院亚历山德里亚分院；各方均同意接受这些法院的属人管辖权和审判地点。

如果您是消费者，本节不会剥夺您居住地法律规定的、在法律上不得放弃的强制性保护或在其他法院提出索赔的权利。

15. 其他条款

本 EULA、适用的商店条款、在相关情况下适用的粉丝内容政策，以及以引用方式明确纳入的任何其他条款，共同构成您与 Big Brane 之间关于游戏的完整协议。隐私与数据收集政策是说明我们数据处理惯例的声明，除非适用法律另有规定，否则不作为合同条款纳入本 EULA。

如果任何条款被认定为无效或不可执行，该条款将在法律允许的最大范围内执行，其余条款仍然有效。未执行某项条款不构成权利放弃。任何权利放弃必须采用书面形式，且仅适用于其中载明的具体情形。

除非强制性法律允许，否则您不得转让或移转本 EULA 或您的许可。Big Brane 可在合并、收购、重组、资产出售或依法发生权利承继时转让本 EULA。

各标题仅为方便阅读而设。本 EULA 不会仅因由某一方起草而作出不利于该方的解释。

我们可能出于方便目的提供译文，译文中可能存在不准确之处。在适用法律允许的范围内，以 https://www.sushiben.com/en/eula 提供的英文版本为准。

16. 联系我们

有关本 EULA 的问题可发送至：

Big Brane Studios, Inc.
电子邮件：legal@bigbranestudios.com
EULA：https://www.sushiben.com/en/eula","Sushi Ben 最終使用者授權合約

生效日期：2026年8月2日

本最終使用者授權合約（以下簡稱「EULA」）是您與 Big Brane Studios, Inc.（以下簡稱「Big Brane」或「我們」）之間訂立的法律協議，規範您對 Sushi Ben（包括其軟體、內容、文件、更新及相關服務，以下統稱「遊戲」）的存取與使用。

1. 接受與資格

購買、下載、安裝、存取或使用遊戲，或在提供相關選項時明確接受本 EULA，即表示您同意受本 EULA 約束。如果您不同意，請勿存取或使用遊戲。

您必須已達居住地的法定成年年齡，或在父母或法定監護人的許可與監督下使用遊戲，且該父母或法定監護人代表您同意本 EULA。您聲明您具備接受本 EULA 所需的法律行為能力與權限。

2. 商店與平台條款

遊戲可能透過第三方商店與平台發行，包括 Steam、PlayStation、Meta Quest、HTC VIVEPORT、PICO 及 STOVE（各稱「商店」）。您的購買與使用也可能受適用商店條款的約束。

若本 EULA 與強制適用的商店條款發生衝突，則僅在衝突範圍內以商店條款為準。購買、計費及退款要求必須向您取得遊戲的商店提出，並受該商店的政策與適用法律約束。

3. 授予授權

在您遵守本 EULA 與適用商店條款的前提下，Big Brane 授予您一項有限、個人、非專屬、不可轉讓、不可再授權且可撤銷的授權，允許您僅基於個人、非商業娛樂目的，在適用商店允許的裝置與帳戶上下載、安裝、存取及使用遊戲。

您可以依照我們的粉絲內容政策及適用商店條款所允許的方式，擷取與分享螢幕截圖、遊戲影片及直播內容。

遊戲僅授權使用，並非出售。遊戲或其智慧財產權的任何所有權權益均不會移轉給您。Big Brane 及其授權方保留所有未明確授予的權利。

4. 限制

除非本 EULA、粉絲內容政策或強制性法律明確允許，否則您不得：

- 複製、重製、散布、銷售、出租、租賃、再授權、轉讓遊戲或對遊戲進行商業利用；
- 修改、改作、翻譯、進行逆向工程、反編譯、反組譯遊戲、探查其原始碼，或以遊戲為基礎創作衍生作品；
- 規避或干擾存取控制、安全功能、平台服務、權利驗證或技術限制；
- 使用會干擾遊戲或商店的未經授權作弊工具、自動化工具、漏洞利用方式或修改內容；
- 移除或變更著作權、商標、出處標示或所有權聲明；
- 以非法、惡意或侵犯他人權利的方式使用遊戲；或
- 虛假暗示非官方內容、產品或服務已獲 Big Brane 核准或與 Big Brane 有關聯。

對逆向工程的限制僅在強制性法律允許的最大範圍內適用。

5. 所有權與第三方素材

遊戲（包括其軟體、美術作品、角色、音樂、對白、視聽內容、商標及其他素材）歸 Big Brane 或其授權方所有，並受智慧財產權法律與條約保護。

遊戲可能包含受隨遊戲提供之個別授權聲明約束的第三方軟體或內容。在法律要求的情況下，該等個別條款適用於相應的第三方素材。

6. 粉絲內容

以遊戲為基礎創作的非官方粉絲內容必須遵守本 EULA 以及發布於 https://www.sushiben.com/en/fan-content 的粉絲內容政策。依該政策授予的許可可能按照政策規定予以修改或撤銷。

7. 隱私與平台功能

我們處理個人資訊的方式載於發布在 https://www.sushiben.com/en/privacy 的 Sushi Ben 隱私與資料蒐集政策。

成就、購買、雲端儲存、權利驗證及平台帳戶等部分功能可能由商店營運。此類功能的可用性與運作受商店的系統、條款及隱私權實務約束。我們不保證任何平台功能會持續可用、不間斷運作，或與遊戲的每個版本相容。

8. 健康與安全

使用遊戲前，請查看隨您的裝置與平台提供的所有健康與安全資訊。以下警告並未涵蓋所有風險。

8.1 光敏性癲癇發作

某些人在接觸閃爍燈光或視覺圖案時可能出現癲癇發作、失去意識或其他症狀。如果您或您的家人有癲癇或癲癇發作病史，請在使用前諮詢醫師。如果您出現抽搐、眼部或肌肉痙攣、失去意識、視覺改變、不自主運動或定向障礙，請立即停止使用並尋求醫療建議。

8.2 暈動症與不適

使用虛擬實境裝置可能引起暈眩、噁心、定向障礙、眼睛疲勞、疲倦或失去平衡。請定期休息。如果感到不適，請停止使用遊戲並休息。

8.3 遊玩區域與人身安全

請僅在適合您所用裝置的安全環境中使用遊戲。清除障礙物，注意牆壁、家具、人員、寵物、電線、樓梯及其他危險，並使用平台提供的所有安全功能。請勿在駕駛、操作機械或其他需要注意周遭環境的情況下使用遊戲。

9. 更新、可用性與支援

我們可能基於技術、安全、法律、商業或營運原因，修補、更新、修改、暫停或停止提供遊戲或任何功能。繼續存取某些功能可能需要安裝更新。除非適用法律或商店條款另有要求，否則我們沒有義務維護先前版本、提供更新或提供支援。

若我們對本 EULA 進行重大修訂，我們將發布更新版本並修改生效日期。在法律要求的情況下，我們將另行通知或要求您接受修訂內容。除非您明確同意或適用法律允許，否則變更不會追溯改變變更前產生的權利或義務。

10. 保證免責聲明

在法律允許的最大範圍內，遊戲以「現狀」及「可用狀態」提供，包含其所有瑕疵，且不附帶任何種類的明示、默示、法定或其他保證。Big Brane 不提供適售性、特定用途適用性、所有權、不侵權、安寧使用，以及因交易過程或商業慣例產生的默示保證。

我們不保證遊戲不會中斷、具備安全性、沒有錯誤、與所有裝置或平台設定相容，或符合您的期望。下載、安裝與使用軟體具有固有風險，包括資料遺失、系統中斷及不相容。

本 EULA 的任何內容均不排除法律上不得排除的保證或消費者權利。

11. 責任限制

在法律允許的最大範圍內，Big Brane 及其關係企業、高級職員、董事、員工、承包商、授權方與服務供應商不對因遊戲或本 EULA 引起或與之相關的任何間接、附帶、特殊、衍生、懲戒性或懲罰性損害，或任何利潤、營收、商譽、資料、使用機會或商業機會損失負責，即使其已獲告知可能發生此類損害亦同。

在法律允許的最大範圍內，Big Brane 及上述其他各方對因遊戲或本 EULA 引起或與之相關的所有請求所承擔的累計責任總額，不超過以下兩者中的較高者：(a) 在引起請求的事件發生前十二個月內，您為遊戲實際支付的金額；或 (b) 100 美元。

本節所述的排除與限制不適用於法律上不得排除或限制的責任。依適用法律，此類責任可能包括詐欺、詐欺性不實陳述、重大過失、故意不當行為，或因過失造成的死亡或人身傷害。部分司法管轄區不允許某些排除或限制，因此本節的部分內容可能不適用於您。

12. 賠償

在法律允許的最大範圍內，您同意就因您非法使用遊戲、重大違反本 EULA、侵犯他人權利或未經授權對遊戲進行商業利用而引起的第三方請求、責任、損害、判決、損失及合理費用，為 Big Brane 及其關係企業、高級職員、董事、員工、承包商與授權方進行抗辯、給予賠償並使其免受損害。本義務不適用於因 Big Brane 的過失、故意不當行為或違反本 EULA 而引起的請求。

13. 終止

本 EULA 在終止前持續有效。您可以永久停止使用遊戲並刪除由您控制的遊戲副本，以終止本 EULA。

如果您重大違反本 EULA，我們可以暫停或終止您的授權。如果違約行為可以合理補救，我們將在終止前向您發出通知並提供合理的補救機會；但為保護使用者、安全、平台完整性、法律遵循或 Big Brane 的權利，而有合理必要立即採取行動的情況除外。

終止後，您必須停止使用遊戲並刪除由您控制的遊戲副本。依其性質應在終止後繼續有效的條款將繼續有效，包括所有權、免責聲明、責任限制、賠償、準據法及其他條款。

14. 準據法與管轄法院

本 EULA 受美國維吉尼亞州法律管轄，不適用法律衝突原則。因本 EULA 或遊戲引起或與之相關的任何法律訴訟，必須專屬提交至位於維吉尼亞州勞登郡的州法院，或美國維吉尼亞東區聯邦地方法院亞歷山德里亞分院；各方均同意接受該等法院的對人管轄權與審判地。

如果您是消費者，本節不會剝奪您居住地法律所規定、在法律上不得放棄的強制性保障或在其他法院提出請求的權利。

15. 其他條款

本 EULA、適用的商店條款、在相關情況下適用的粉絲內容政策，以及以引用方式明確納入的任何其他條款，共同構成您與 Big Brane 之間有關遊戲的完整協議。隱私與資料蒐集政策是說明我們資料處理實務的聲明，除非適用法律另有規定，否則不作為契約條款納入本 EULA。

若任何條款被認定無效或不可執行，該條款將在法律允許的最大範圍內執行，其餘條款仍然有效。未執行某項條款不構成權利放棄。任何權利放棄必須以書面作成，且僅適用於其中載明的特定情況。

除非強制性法律允許，否則您不得讓與或移轉本 EULA 或您的授權。Big Brane 可在合併、收購、重組、資產出售或依法發生權利承受時讓與本 EULA。

各標題僅為方便閱讀而設。本 EULA 不會僅因由某一方起草而作出不利於該方的解釋。

我們可能基於方便目的提供譯文，譯文中可能含有不準確之處。在適用法律允許的範圍內，以 https://www.sushiben.com/en/eula 提供的英文版本為準。

16. 聯絡我們

有關本 EULA 的問題可寄送至：

Big Brane Studios, Inc.
電子郵件：legal@bigbranestudios.com
EULA：https://www.sushiben.com/en/eula"
